SpectrumID	Compound_Name	Ion_Source	Instrument	Compound_Source	PI	Data_Collector	Adduct	Precursor_MZ	ExactMass	Charge	CAS_Number	Pubmed_ID	Smiles	INCHI	INCHI_AUX	Library_Class	IonMode	UpdateWorkflowName	LibraryQualityString	#Scan#	SpectrumFile	LibraryName	MQScore	Organism	TIC_Query	RT_Query	MZErrorPPM	SharedPeaks	MassDiff	LibMZ	SpecMZ	SpecCharge	FileScanUniqueID	NumberHits	tags	MoleculeExplorerDatasets	MoleculeExplorerFiles	InChIKey	InChIKey-Planar	superclass	class	subclass	npclassifier_superclass	npclassifier_class	npclassifier_pathway
CCMSLIB00005745267	Massbank:PR309051 Dihydrobenzoic acid pentose	ESI	qTof	Isolated	Massbank	Massbank	M-H	285.06	0.0	1	N/A	N/A	O=C(OC1OCC(O)C(O)C1(O))C=2C=CC(O)=C(O)C=2	1S/C12H14O8/c13-6-2-1-5(3-7(6)14)11(18)20-12-10(17)9(16)8(15)4-19-12/h1-3,8-10,12-17H,4H2	N/A	3	Negative	UPDATE-SINGLE-ANNOTATED-BRONZE	Bronze	9501	spectra_filtered/specs_ms.mgf	lib-00039.mgf	0.9924270000000001	MASSBANK	83148.0	423	1.2846799999999998	6	0.00036621099999999997	285.06	285.06	-1	spectra_filtered/specs_ms.mgf9501	1		0	0	VWQASRWQZBVNEI-UHFFFAOYSA-N	VWQASRWQZBVNEI	Benzenoids	Benzene and substituted derivatives	Benzoic acids and derivatives	Phenolic acids (C6-C1)	Simple phenolic acids	Shikimates and Phenylpropanoids
CCMSLIB00004700745	[(2S,3R,4S,5S,6R)-3,4,5-trihydroxy-6-[[(E)-3-(4-hydroxyphenyl)prop-2-enoyl]oxymethyl]oxan-2-yl] (E)-3-phenylprop-2-enoate	N/A	ESI-QFT	isolated	MoNA	MoNA:VF-NPL-QEHF009682	[M-H]-	455.135	0.0	1	N/A	N/A	N/A	InChI=1S/C24H24O9/c25-17-10-6-16(7-11-17)8-12-19(26)31-14-18-21(28)22(29)23(30)24(32-18)33-20(27)13-9-15-4-2-1-3-5-15/h1-13,18,21-25,28-30H,14H2/b12-8+,13-9+/t18-,21-,22+,23-,24+/m1/s1	N/A	3	negative	UPDATE-SINGLE-ANNOTATED-BRONZE	Bronze	2405	spectra_filtered/specs_ms.mgf	lib-00002.mgf	0.987801	MONA	1245440.0	1185	2.61502	7	0.00119019	455.135	455.134	-1	spectra_filtered/specs_ms.mgf2405	1		0	0	BRXADWYLMDAXBU-FLXITYBYSA-N	BRXADWYLMDAXBU	Phenylpropanoids and polyketides	Cinnamic acids and derivatives	Cinnamic acid esters	N/A	N/A	N/A
CCMSLIB00004720144	(2S,3S)-2-(3,4,5-trihydroxyphenyl)-3,4-dihydro-2H-chromene-3,5,7-triol	N/A	ESI-QTOF	isolated	MoNA	MoNA:VF-NPL-QTOF002310	[M-H]-	305.067	0.0	1	N/A	N/A	N/A	InChI=1S/C15H14O7/c16-7-3-9(17)8-5-12(20)15(22-13(8)4-7)6-1-10(18)14(21)11(19)2-6/h1-4,12,15-21H,5H2/t12-,15-/m0/s1	N/A	3	negative	UPDATE-SINGLE-ANNOTATED-BRONZE	Bronze	572	spectra_filtered/specs_ms.mgf	lib-00002.mgf	0.9861469999999999	MONA	299496.0	225	1.70061	11	0.000518799	305.067	305.068	-1	spectra_filtered/specs_ms.mgf572	1		0	0	XMOCLSLCDHWDHP-WFASDCNBSA-N	XMOCLSLCDHWDHP	Phenylpropanoids and polyketides	Flavonoids	Flavans	N/A	N/A	N/A
CCMSLIB00004691209	Phloretin	N/A	ESI-QFT	isolated	MoNA	MoNA:VF-NPL-QEHF000146	[M-H]-	273.077	0.0	1	N/A	N/A	N/A	InChI=1S/C15H14O5/c16-10-4-1-9(2-5-10)3-6-12(18)15-13(19)7-11(17)8-14(15)20/h1-2,4-5,7-8,16-17,19-20H,3,6H2	N/A	3	negative	UPDATE-SINGLE-ANNOTATED-BRONZE	Bronze	7681	spectra_filtered/specs_ms.mgf	lib-00002.mgf	0.98135	MONA	382740.0	1032	7.15229	10	0.00195312	273.077	273.075	-1	spectra_filtered/specs_ms.mgf7681	1		1	6	VGEREEWJJVICBM-UHFFFAOYSA-N	VGEREEWJJVICBM	Phenylpropanoids and polyketides	Linear 1,3-diarylpropanoids	Chalcones and dihydrochalcones	N/A	N/A	N/A
CCMSLIB00005777689	Massbank:FIO00597 Rutin	ESI	qTof	Isolated	Massbank	Massbank	M-H	609.146	0.0	1	153-18-4	N/A	c(c5)(O)cc(c(c52)C(C(O[C@H](O3)[C@@H]([C@H]([C@@H]([C@H]3CO[C@@H]([C@@H]4O)O[C@H]([C@@H]([C@H]4O)O)C)O)O)O)=C(O2)c(c1)ccc(O)c1O)=O)O	1S/C27H30O16/c1-8-17(32)20(35)22(37)26(40-8)39-7-15-18(33)21(36)23(38)27(42-15)43-25-19(34)16-13(31)5-10(28)6-14(16)41-24(25)9-2-3-11(29)12(30)4-9/h2-6,8,15,17-18,20-23,26-33,35-38H,7H2,1H3/t8-,15+,17-,18+,20+,21-,22+,23+,26+,27-/m0/s1	N/A	3	Negative	UPDATE-SINGLE-ANNOTATED-BRONZE	Bronze	11054	spectra_filtered/specs_ms.mgf	lib-00039.mgf	0.97915	MASSBANK	447230.0	-205	1.7033599999999998	8	0.0010375999999999999	609.146	609.1469999999999	-1	spectra_filtered/specs_ms.mgf11054	1		0	0	IKGXIBQEEMLURG-NVPNHPEKSA-N	IKGXIBQEEMLURG	Phenylpropanoids and polyketides	Flavonoids	Flavonoid glycosides	Flavonoids	Flavonols	Shikimates and Phenylpropanoids
CCMSLIB00005747939	Massbank:PR306046 Apigenin-7-O-glucoside|Apigetrin|Cosmosiin|5-hydroxy-2-(4-hydroxyphenyl)-7-[(2S,3R,4S,5R,6R)-3,4,5-trihydroxy-6-(hydroxymethyl)oxan-2-yl]oxy-chromen-4-one	ESI	qTof	Isolated	Massbank	Massbank	M-H	431.098	0.0	1	578-74-5	N/A	C1=CC(=CC=C1C2=CC(=O)C3=C(C=C(C=C3O2)O[C@H]4[C@@H]([C@H]([C@@H]([C@H](O4)CO)O)O)O)O)O	1S/C21H20O10/c22-8-16-18(26)19(27)20(28)21(31-16)29-11-5-12(24)17-13(25)7-14(30-15(17)6-11)9-1-3-10(23)4-2-9/h1-7,16,18-24,26-28H,8H2/t16-,18-,19+,20-,21-/m1/s1	N/A	3	Negative	UPDATE-SINGLE-ANNOTATED-BRONZE	Bronze	2441	spectra_filtered/specs_ms.mgf	lib-00039.mgf	0.9772379999999999	MASSBANK	729397.0	774	1.06186	6	0.000457764	431.098	431.098	-1	spectra_filtered/specs_ms.mgf2441	1		0	0	KMOUJOKENFFTPU-QNDFHXLGSA-N	KMOUJOKENFFTPU	Phenylpropanoids and polyketides	Flavonoids	Flavonoid glycosides	Flavonoids	Flavones	Shikimates and Phenylpropanoids
CCMSLIB00005747517	Massbank:PR305704 Luteolin-4'-O-glucoside	ESI	qTof	Isolated	Massbank	Massbank	M-H	447.093	0.0	1	N/A	N/A	OCC1OC(OC2=C(O)C=C(C=C2)C2=CC(=O)C3=C(O)C=C(O)C=C3O2)C(O)C(O)C1O	1S/C21H20O11/c22-7-16-18(27)19(28)20(29)21(32-16)31-13-2-1-8(3-10(13)24)14-6-12(26)17-11(25)4-9(23)5-15(17)30-14/h1-6,16,18-25,27-29H,7H2	N/A	3	Negative	UPDATE-SINGLE-ANNOTATED-BRONZE	Bronze	1941	spectra_filtered/specs_ms.mgf	lib-00039.mgf	0.9766610000000001	MASSBANK	153637.0	747	3.61766	8	0.00161743	447.093	447.091	-1	spectra_filtered/specs_ms.mgf1941	1		0	0	UHNXUSWGOJMEFO-UHFFFAOYSA-N	UHNXUSWGOJMEFO	Phenylpropanoids and polyketides	Flavonoids	Flavonoid glycosides	Flavonoids	Flavones	Shikimates and Phenylpropanoids
CCMSLIB00005742853	Massbank:PR306709 Kaempferol-3-O-glucoside-3''-rhamnoside	ESI	qTof	Isolated	Massbank	Massbank	M-H	593.151	0.0	1	N/A	N/A	CC1OC(OC2C(O)C(CO)OC(OC3=C(OC4=CC(O)=CC(O)=C4C3=O)C3=CC=C(O)C=C3)C2O)C(O)C(O)C1O	1S/C27H30O15/c1-9-17(32)20(35)21(36)26(38-9)41-24-18(33)15(8-28)40-27(22(24)37)42-25-19(34)16-13(31)6-12(30)7-14(16)39-23(25)10-2-4-11(29)5-3-10/h2-7,9,15,17-18,20-22,24,26-33,35-37H,8H2,1H3	N/A	3	Negative	UPDATE-SINGLE-ANNOTATED-BRONZE	Bronze	10894	spectra_filtered/specs_ms.mgf	lib-00039.mgf	0.975875	MASSBANK	211090.0	-163	3.7044	8	0.00219727	593.151	593.153	-1	spectra_filtered/specs_ms.mgf10894	1		0	0	YFPYXTNSQOUHPS-UHFFFAOYSA-N	YFPYXTNSQOUHPS	Phenylpropanoids and polyketides	Flavonoids	Flavonoid glycosides	Flavonoids	Flavonols	Shikimates and Phenylpropanoids
CCMSLIB00005777989	Massbank:FIO00756 Isovitexin	ESI	qTof	Isolated	Massbank	Massbank	M-H	431.098	0.0	1	38953-85-4	N/A	OC[C@H]([C@@H](O)4)O[C@H]([C@H](O)[C@@H](O)4)c(c(O)1)c(O)c(C(=O)3)c(OC(=C3)c(c2)ccc(O)c2)c1	1S/C21H20O10/c22-7-14-17(26)19(28)20(29)21(31-14)16-11(25)6-13-15(18(16)27)10(24)5-12(30-13)8-1-3-9(23)4-2-8/h1-6,14,17,19-23,25-29H,7H2/t14-,17-,19+,20-,21+/m1/s1	N/A	3	Negative	UPDATE-SINGLE-ANNOTATED-BRONZE	Bronze	723	spectra_filtered/specs_ms.mgf	lib-00039.mgf	0.9744889999999999	MASSBANK	613545.0	675	1.06186	8	0.000457764	431.098	431.098	-1	spectra_filtered/specs_ms.mgf723	1		0	0	MYXNWGACZJSMBT-VJXVFPJBSA-N	MYXNWGACZJSMBT	Phenylpropanoids and polyketides	Flavonoids	Flavonoid glycosides	Flavonoids	Flavones	Shikimates and Phenylpropanoids
CCMSLIB00004702372	CHLOROGENIC ACID	N/A	ESI-QFT	isolated	MoNA	MoNA:VF-NPL-QEHF011309	[M-H]-	353.088	0.0	1	N/A	N/A	N/A	InChI=1S/C16H18O9/c17-9-3-1-8(5-10(9)18)2-4-13(20)25-12-7-16(24,15(22)23)6-11(19)14(12)21/h1-5,11-12,14,17-19,21,24H,6-7H2,(H,22,23)/b4-2+/t11-,12-,14-,16+/m1/s1	N/A	3	negative	UPDATE-SINGLE-ANNOTATED-BRONZE	Bronze	9634	spectra_filtered/specs_ms.mgf	lib-00002.mgf	0.973628	MONA	66469.0	441	1.7286099999999998	8	0.000610352	353.088	353.087	-1	spectra_filtered/specs_ms.mgf9634	1		0	0	CWVRJTMFETXNAD-JUHZACGLSA-N	CWVRJTMFETXNAD	Organic oxygen compounds	Organooxygen compounds	Alcohols and polyols	N/A	N/A	N/A
CCMSLIB00006380720	Myricetin	ESI	Orbitrap	Commercial standard	BMDMS-NP	BMDMS-NP	[M+H]+	319.05	318.038	1	N/A	N/A	O=C1C(O)=C(OC=2C=C(O)C=C(O)C12)C=3C=C(O)C(O)=C(O)C3	InChI=1S/C15H10O8/c16-6-3-7(17)11-10(4-6)23-15(14(22)13(11)21)5-1-8(18)12(20)9(19)2-5/h1-4,16-20,22H	N/A	1	Positive	UPDATE-SINGLE-ANNOTATED-GOLD	Gold	2026	spectra_filtered/specs_ms.mgf	lib-00032.mgf	0.9695729999999999	BMDMS-NP	34935.0	591	16.3564	12	0.00521851	319.05	319.045	-1	spectra_filtered/specs_ms.mgf2026	1		15	330	IKMDFBPHZNJCSN-UHFFFAOYSA-N	IKMDFBPHZNJCSN	Phenylpropanoids and polyketides	Flavonoids	Flavones	Flavonoids	Flavonols	Shikimates and Phenylpropanoids
CCMSLIB00006380720	Myricetin	ESI	Orbitrap	Commercial standard	BMDMS-NP	BMDMS-NP	[M+H]+	319.05	318.038	1	N/A	N/A	O=C1C(O)=C(OC=2C=C(O)C=C(O)C12)C=3C=C(O)C(O)=C(O)C3	InChI=1S/C15H10O8/c16-6-3-7(17)11-10(4-6)23-15(14(22)13(11)21)5-1-8(18)12(20)9(19)2-5/h1-4,16-20,22H	N/A	1	Positive	UPDATE-SINGLE-ANNOTATED-GOLD	Gold	3898	spectra_filtered/specs_ms.mgf	lib-00032.mgf	0.9695729999999999	BMDMS-NP	34935.0	591	16.3564	12	0.00521851	319.05	319.045	-1	spectra_filtered/specs_ms.mgf3898	1		15	330	IKMDFBPHZNJCSN-UHFFFAOYSA-N	IKMDFBPHZNJCSN	Phenylpropanoids and polyketides	Flavonoids	Flavones	Flavonoids	Flavonols	Shikimates and Phenylpropanoids
CCMSLIB00004691624	Gallic acid	N/A	ESI-QFT	isolated	MoNA	MoNA:VF-NPL-QEHF000561	[M-H]-	169.014	0.0	1	N/A	N/A	N/A	InChI=1S/C7H6O5/c8-4-1-3(7(11)12)2-5(9)6(4)10/h1-2,8-10H,(H,11,12)	N/A	3	negative	UPDATE-SINGLE-ANNOTATED-BRONZE	Bronze	10732	spectra_filtered/specs_ms.mgf	lib-00002.mgf	0.9693959999999999	MONA	1994830.0	-90	11.7366	6	0.00198364	169.014	169.012	-1	spectra_filtered/specs_ms.mgf10732	1		3	50	LNTHITQWFMADLM-UHFFFAOYSA-N	LNTHITQWFMADLM	Benzenoids	Benzene and substituted derivatives	Benzoic acids and derivatives	N/A	N/A	N/A
CCMSLIB00005742214	Massbank:PR306636 Kaempferol-3-O-rutinoside	ESI	qTof	Isolated	Massbank	Massbank	M-H	593.151	0.0	1	N/A	N/A	CC1OC(OCC2OC(OC3=C(OC4=CC(O)=CC(O)=C4C3=O)C3=CC=C(O)C=C3)C(O)C(O)C2O)C(O)C(O)C1O	1S/C27H30O15/c1-9-17(31)20(34)22(36)26(39-9)38-8-15-18(32)21(35)23(37)27(41-15)42-25-19(33)16-13(30)6-12(29)7-14(16)40-24(25)10-2-4-11(28)5-3-10/h2-7,9,15,17-18,20-23,26-32,34-37H,8H2,1H3	N/A	3	Negative	UPDATE-SINGLE-ANNOTATED-BRONZE	Bronze	2101	spectra_filtered/specs_ms.mgf	lib-00039.mgf	0.969076	MASSBANK	627741.0	720	4.32179	7	0.00256348	593.151	593.148	-1	spectra_filtered/specs_ms.mgf2101	1		0	0	RTATXGUCZHCSNG-UHFFFAOYSA-N	RTATXGUCZHCSNG	Phenylpropanoids and polyketides	Flavonoids	Flavonoid glycosides	Flavonoids	Flavonols	Shikimates and Phenylpropanoids
CCMSLIB00005739927	Massbank:PR306574 Kaempferol-3-O-glucoside-6''-p-coumaroyl	ESI	qTof	Isolated	Massbank	Massbank	M-H	593.13	0.0	1	N/A	N/A	OC1C(COC(=O)C=CC2=CC=C(O)C=C2)OC(OC2=C(OC3=CC(O)=CC(O)=C3C2=O)C2=CC=C(O)C=C2)C(O)C1O	1S/C30H26O13/c31-16-6-1-14(2-7-16)3-10-22(35)40-13-21-24(36)26(38)27(39)30(42-21)43-29-25(37)23-19(34)11-18(33)12-20(23)41-28(29)15-4-8-17(32)9-5-15/h1-12,21,24,26-27,30-34,36,38-39H,13H2	N/A	3	Negative	UPDATE-SINGLE-ANNOTATED-BRONZE	Bronze	4279	spectra_filtered/specs_ms.mgf	lib-00039.mgf	0.9688260000000001	MASSBANK	323605.0	951	1.23484	12	0.0007324219999999999	593.13	593.129	-1	spectra_filtered/specs_ms.mgf4279	1		0	0	DVGGLGXQSFURLP-UHFFFAOYSA-N	DVGGLGXQSFURLP	Phenylpropanoids and polyketides	Flavonoids	Flavonoid glycosides	Flavonoids	Flavonols	Shikimates and Phenylpropanoids
CCMSLIB00004691624	Gallic acid	N/A	ESI-QFT	isolated	MoNA	MoNA:VF-NPL-QEHF000561	[M-H]-	169.014	0.0	1	N/A	N/A	N/A	InChI=1S/C7H6O5/c8-4-1-3(7(11)12)2-5(9)6(4)10/h1-2,8-10H,(H,11,12)	N/A	3	negative	UPDATE-SINGLE-ANNOTATED-BRONZE	Bronze	10320	spectra_filtered/specs_ms.mgf	lib-00002.mgf	0.9681	MONA	3471530.0	-90	11.7366	6	0.00198364	169.014	169.012	-1	spectra_filtered/specs_ms.mgf10320	1		3	50	LNTHITQWFMADLM-UHFFFAOYSA-N	LNTHITQWFMADLM	Benzenoids	Benzene and substituted derivatives	Benzoic acids and derivatives	N/A	N/A	N/A
CCMSLIB00004691208	Phloretin	N/A	ESI-QFT	isolated	MoNA	MoNA:VF-NPL-QEHF000145	[M-H]-	273.077	0.0	1	N/A	N/A	N/A	InChI=1S/C15H14O5/c16-10-4-1-9(2-5-10)3-6-12(18)15-13(19)7-11(17)8-14(15)20/h1-2,4-5,7-8,16-17,19-20H,3,6H2	N/A	3	negative	UPDATE-SINGLE-ANNOTATED-BRONZE	Bronze	3020	spectra_filtered/specs_ms.mgf	lib-00002.mgf	0.967777	MONA	225950.0	1332	7.15229	8	0.00195312	273.077	273.075	-1	spectra_filtered/specs_ms.mgf3020	1		1	6	VGEREEWJJVICBM-UHFFFAOYSA-N	VGEREEWJJVICBM	Phenylpropanoids and polyketides	Linear 1,3-diarylpropanoids	Chalcones and dihydrochalcones	N/A	N/A	N/A
CCMSLIB00004706299	2-(3,4-dihydroxyphenyl)-3-[(2S,3R,4S,5S,6R)-4,5-dihydroxy-3-[(2R,3R,4R,5R,6S)-3,4,5-trihydroxy-6-methyloxan-2-yl]oxy-6-[[(2R,3R,4R,5R,6S)-3,4,5-trihydroxy-6-methyloxan-2-yl]oxymethyl]oxan-2-yl]oxy-5,7-dihydroxychromen-4-one	N/A	ESI-QFT	isolated	MoNA	MoNA:VF-NPL-QEHF015236	[M-H]-	755.204	0.0	1	N/A	N/A	N/A	InChI=1S/C33H40O20/c1-9-19(38)23(42)26(45)31(48-9)47-8-17-21(40)25(44)30(53-32-27(46)24(43)20(39)10(2)49-32)33(51-17)52-29-22(41)18-15(37)6-12(34)7-16(18)50-28(29)11-3-4-13(35)14(36)5-11/h3-7,9-10,17,19-21,23-27,30-40,42-46H,8H2,1-2H3/t9-,10-,17+,19-,20-,21+,23+,24+,25-,26+,27+,30+,31+,32-,33-/m0/s1	N/A	3	negative	UPDATE-SINGLE-ANNOTATED-BRONZE	Bronze	12024	spectra_filtered/specs_ms.mgf	lib-00002.mgf	0.967556	MONA	49041.0	-283	6.54637	6	0.00494385	755.204	755.209	-1	spectra_filtered/specs_ms.mgf12024	1		0	0	HKNBJSRIYRDSLB-MAWNCODISA-N	HKNBJSRIYRDSLB	Phenylpropanoids and polyketides	Flavonoids	Flavonoid glycosides	N/A	N/A	N/A
CCMSLIB00005743404	Massbank:PR306021 Quercetin-3-O-vicianoside	ESI	qTof	Isolated	Massbank	Massbank	M-H	595.13	0.0	1	N/A	N/A	OC1COC(OCC2OC(OC3=C(OC4=CC(O)=CC(O)=C4C3=O)C3=CC(O)=C(O)C=C3)C(O)C(O)C2O)C(O)C1O	1S/C26H28O16/c27-9-4-12(30)16-14(5-9)40-23(8-1-2-10(28)11(29)3-8)24(19(16)34)42-26-22(37)20(35)18(33)15(41-26)7-39-25-21(36)17(32)13(31)6-38-25/h1-5,13,15,17-18,20-22,25-33,35-37H,6-7H2	N/A	3	Negative	UPDATE-SINGLE-ANNOTATED-BRONZE	Bronze	3388	spectra_filtered/specs_ms.mgf	lib-00039.mgf	0.9673370000000001	MASSBANK	8743770.0	624	26.665	8	0.0158691	595.13	595.146	-1	spectra_filtered/specs_ms.mgf3388	1		0	0	YNMFDPCLPIMRFD-UHFFFAOYSA-N	YNMFDPCLPIMRFD	Phenylpropanoids and polyketides	Flavonoids	Flavonoid glycosides	Flavonoids	Flavonols	Shikimates and Phenylpropanoids
CCMSLIB00004706125	3-[4,5-dihydroxy-3-(3,4,5-trihydroxy-6-methyloxan-2-yl)oxy-6-[(3,4,5-trihydroxy-6-methyloxan-2-yl)oxymethyl]oxan-2-yl]oxy-5,7-dihydroxy-2-(4-hydroxyphenyl)chromen-4-one	N/A	ESI-QFT	isolated	MoNA	MoNA:VF-NPL-QEHF015062	[M-H]-	739.209	0.0	1	N/A	N/A	N/A	InChI=1S/C33H40O19/c1-10-19(37)23(41)26(44)31(47-10)46-9-17-21(39)25(43)30(52-32-27(45)24(42)20(38)11(2)48-32)33(50-17)51-29-22(40)18-15(36)7-14(35)8-16(18)49-28(29)12-3-5-13(34)6-4-12/h3-8,10-11,17,19-21,23-27,30-39,41-45H,9H2,1-2H3	N/A	3	negative	UPDATE-SINGLE-ANNOTATED-BRONZE	Bronze	10930	spectra_filtered/specs_ms.mgf	lib-00002.mgf	0.966996	MONA	424034.0	-250	1.73393	6	0.00128174	739.209	739.21	-1	spectra_filtered/specs_ms.mgf10930	1		0	0	WRXVPTMENPZUIZ-UHFFFAOYSA-N	WRXVPTMENPZUIZ	Phenylpropanoids and polyketides	Flavonoids	Flavonoid glycosides	N/A	N/A	N/A
CCMSLIB00004701636	[(2S,3R,4S,5S,6R)-4,5-dihydroxy-6-(hydroxymethyl)-2-[2,4,6-trihydroxy-3-(4-hydroxybenzoyl)phenyl]oxan-3-yl] 4-hydroxybenzoate	N/A	ESI-QFT	isolated	MoNA	MoNA:VF-NPL-QEHF010573	[M-H]-	527.12	0.0	1	N/A	N/A	N/A	InChI=1S/C26H24O12/c27-10-17-21(33)23(35)25(38-26(36)12-3-7-14(29)8-4-12)24(37-17)19-16(31)9-15(30)18(22(19)34)20(32)11-1-5-13(28)6-2-11/h1-9,17,21,23-25,27-31,33-35H,10H2/t17-,21-,23+,24+,25-/m1/s1	N/A	3	negative	UPDATE-SINGLE-ANNOTATED-BRONZE	Bronze	1915	spectra_filtered/specs_ms.mgf	lib-00002.mgf	0.96445	MONA	783629.0	684	3.58949	12	0.00189209	527.12	527.118	-1	spectra_filtered/specs_ms.mgf1915	1		0	0	CIQDSZUZMUTHGY-FUFTYFEXSA-N	CIQDSZUZMUTHGY	Organic oxygen compounds	Organooxygen compounds	Carbohydrates and carbohydrate conjugates	N/A	N/A	N/A
CCMSLIB00004715896	3,4-dihydroxy-5-[(2S,3R,4S,5S,6R)-3,4,5-trihydroxy-6-[[4-(2-hydroxypropan-2-yl)cyclohexene-1-carbonyl]oxymethyl]oxan-2-yl]oxybenzoic acid	N/A	ESI-QFT	isolated	MoNA	MoNA:VF-NPL-QEHF024833	[M-H]-	497.166	0.0	1	N/A	N/A	N/A	InChI=1S/C23H30O12/c1-23(2,32)12-5-3-10(4-6-12)21(31)33-9-15-17(26)18(27)19(28)22(35-15)34-14-8-11(20(29)30)7-13(24)16(14)25/h3,7-8,12,15,17-19,22,24-28,32H,4-6,9H2,1-2H3,(H,29,30)/t12?,15-,17-,18+,19-,22-/m1/s1	N/A	3	negative	UPDATE-SINGLE-ANNOTATED-BRONZE	Bronze	2792	spectra_filtered/specs_ms.mgf	lib-00002.mgf	0.9636120000000001	MONA	472468.0	774	0.368298	9	0.000183105	497.166	497.166	-1	spectra_filtered/specs_ms.mgf2792	1		0	0	QIYRQEHCCPTEPY-KRWUGMCISA-N	QIYRQEHCCPTEPY	Phenylpropanoids and polyketides	Tannins	Hydrolyzable tannins	N/A	N/A	N/A
CCMSLIB00004691624	Gallic acid	N/A	ESI-QFT	isolated	MoNA	MoNA:VF-NPL-QEHF000561	[M-H]-	169.014	0.0	1	N/A	N/A	N/A	InChI=1S/C7H6O5/c8-4-1-3(7(11)12)2-5(9)6(4)10/h1-2,8-10H,(H,11,12)	N/A	3	negative	UPDATE-SINGLE-ANNOTATED-BRONZE	Bronze	96	spectra_filtered/specs_ms.mgf	lib-00002.mgf	0.962929	MONA	430693.0	102	11.7366	6	0.00198364	169.014	169.012	-1	spectra_filtered/specs_ms.mgf96	1		3	50	LNTHITQWFMADLM-UHFFFAOYSA-N	LNTHITQWFMADLM	Benzenoids	Benzene and substituted derivatives	Benzoic acids and derivatives	N/A	N/A	N/A
CCMSLIB00004702014	epigallocatechin gallate	N/A	ESI-QFT	isolated	MoNA	MoNA:VF-NPL-QEHF010951	[M-H]-	457.078	0.0	1	N/A	N/A	N/A	InChI=1S/C22H18O11/c23-10-5-12(24)11-7-18(33-22(31)9-3-15(27)20(30)16(28)4-9)21(32-17(11)6-10)8-1-13(25)19(29)14(26)2-8/h1-6,18,21,23-30H,7H2/t18-,21-/m1/s1	N/A	3	negative	UPDATE-SINGLE-ANNOTATED-BRONZE	Bronze	10441	spectra_filtered/specs_ms.mgf	lib-00002.mgf	0.9593719999999999	MONA	4139940.0	-90	1.2018	10	0.000549316	457.078	457.079	-1	spectra_filtered/specs_ms.mgf10441	1		0	0	WMBWREPUVVBILR-WIYYLYMNSA-N	WMBWREPUVVBILR	Phenylpropanoids and polyketides	Flavonoids	Flavans	N/A	N/A	N/A
CCMSLIB00003137341	Spectral Match to 1-Palmitoyl-2-hydroxy-sn-glycero-3-phosphoethanolamine from NIST14	ESI	qTof	Isolated	Data from Kevin Bush	Data deposited by fevargas	M-H	452.279	453.285	1	53862354	N/A	CCCCCCCCCCCCCCCC(=O)OC[C@H](COP(=O)(O)OCCN)O	InChI=1S/C21H44NO7P/c1-2-3-4-5-6-7-8-9-10-11-12-13-14-15-21(24)27-18-20(23)19-29-30(25,26)28-17-16-22/h20,23H,2-19,22H2,1H3,(H,25,26)/t20-/m1/s1	N/A	3	Negative	UPDATE-SINGLE-ANNOTATED-BRONZE	Bronze	1189	spectra_filtered/specs_ms.mgf	lib-00015.mgf	0.9589059999999999	GNPS-NIST14-MATCHES	297351.0	1812	0.06747510000000001	7	3.05176e-05	452.279	452.279	-1	spectra_filtered/specs_ms.mgf1189	1		145	10478	YVYMBNSKXOXSKW-HXUWFJFHSA-N	YVYMBNSKXOXSKW	Lipids and lipid-like molecules	Glycerophospholipids	Glycerophosphoethanolamines	Glycerophospholipids	Glycerophosphoethanolamines	Fatty acids
CCMSLIB00005742848	Massbank:PR306386 (-)-Epicatechin	ESI	qTof	Isolated	Massbank	Massbank	M-H	289.072	0.0	1	N/A	N/A	OC1CC2=C(O)C=C(O)C=C2OC1C1=CC(O)=C(O)C=C1	1S/C15H14O6/c16-8-4-11(18)9-6-13(20)15(21-14(9)5-8)7-1-2-10(17)12(19)3-7/h1-5,13,15-20H,6H2	N/A	3	Negative	UPDATE-SINGLE-ANNOTATED-BRONZE	Bronze	316	spectra_filtered/specs_ms.mgf	lib-00039.mgf	0.957068	MASSBANK	256677.0	516	10.7682	9	0.00311279	289.072	289.069	-1	spectra_filtered/specs_ms.mgf316	1		0	0	PFTAWBLQPZVEMU-UHFFFAOYSA-N	PFTAWBLQPZVEMU	Phenylpropanoids and polyketides	Flavonoids	Flavans	Flavonoids	Flavan-3-ols	Shikimates and Phenylpropanoids
CCMSLIB00005748926	Massbank:PR308132 Dihydrokaempferol	ESI	qTof	Isolated	Massbank	Massbank	M-H	287.056	0.0	1	N/A	N/A	OC1C(OC2=CC(O)=CC(O)=C2C1=O)C1=CC=C(O)C=C1	1S/C15H12O6/c16-8-3-1-7(2-4-8)15-14(20)13(19)12-10(18)5-9(17)6-11(12)21-15/h1-6,14-18,20H	N/A	3	Negative	UPDATE-SINGLE-ANNOTATED-BRONZE	Bronze	1483	spectra_filtered/specs_ms.mgf	lib-00039.mgf	0.954751	MASSBANK	576479.0	909	3.72093	7	0.00106812	287.056	287.057	-1	spectra_filtered/specs_ms.mgf1483	1		0	0	PADQINQHPQKXNL-UHFFFAOYSA-N	PADQINQHPQKXNL	Phenylpropanoids and polyketides	Flavonoids	Flavans	Flavonoids	Dihydroflavonols	Shikimates and Phenylpropanoids
CCMSLIB00004705573	Myricetin	N/A	ESI-QFT	isolated	MoNA	MoNA:VF-NPL-QEHF014510	[M-H]-	317.03	0.0	1	N/A	N/A	N/A	InChI=1S/C15H10O8/c16-6-3-7(17)11-10(4-6)23-15(14(22)13(11)21)5-1-8(18)12(20)9(19)2-5/h1-4,16-20,22H	N/A	3	negative	UPDATE-SINGLE-ANNOTATED-BRONZE	Bronze	1955	spectra_filtered/specs_ms.mgf	lib-00002.mgf	0.951232	MONA	568496.0	807	5.77565	12	0.00183105	317.03	317.028	-1	spectra_filtered/specs_ms.mgf1955	1		15	330	IKMDFBPHZNJCSN-UHFFFAOYSA-N	IKMDFBPHZNJCSN	Phenylpropanoids and polyketides	Flavonoids	Flavones	N/A	N/A	N/A
CCMSLIB00005748616	Massbank:PR306851 Myricetin-3-O-xyloside	ESI	qTof	Isolated	Massbank	Massbank	M-H	449.073	0.0	1	N/A	N/A	OC1COC(OC2=C(OC3=CC(O)=CC(O)=C3C2=O)C2=CC(O)=C(O)C(O)=C2)C(O)C1O	1S/C20H18O12/c21-7-3-8(22)13-12(4-7)31-18(6-1-9(23)14(26)10(24)2-6)19(16(13)28)32-20-17(29)15(27)11(25)5-30-20/h1-4,11,15,17,20-27,29H,5H2	N/A	3	Negative	UPDATE-SINGLE-ANNOTATED-BRONZE	Bronze	801	spectra_filtered/specs_ms.mgf	lib-00039.mgf	0.949815	MASSBANK	814834.0	639	7.47525	10	0.00335693	449.073	449.07	-1	spectra_filtered/specs_ms.mgf801	1		0	0	SBEOEJNITMVWLK-UHFFFAOYSA-N	SBEOEJNITMVWLK	Phenylpropanoids and polyketides	Flavonoids	Flavonoid glycosides	Flavonoids	Flavonols	Shikimates and Phenylpropanoids
CCMSLIB00004692114	3,4-di-O-galloylquinic acid	N/A	ESI-QFT	isolated	MoNA	MoNA:VF-NPL-QEHF001051	[M-H]-	495.078	0.0	1	N/A	N/A	N/A	InChI=1S/C21H20O14/c22-9-1-7(2-10(23)15(9)27)18(29)34-14-6-21(33,20(31)32)5-13(26)17(14)35-19(30)8-3-11(24)16(28)12(25)4-8/h1-4,13-14,17,22-28,33H,5-6H2,(H,31,32)/t13-,14-,17-,21+/m1/s1	N/A	3	negative	UPDATE-SINGLE-ANNOTATED-BRONZE	Bronze	10335	spectra_filtered/specs_ms.mgf	lib-00002.mgf	0.9497459999999999	MONA	1209380.0	-289	0.554778	9	0.000274658	495.078	495.07800000000003	-1	spectra_filtered/specs_ms.mgf10335	1		0	0	SKUCQDOSGKINGP-YQMRLJPGSA-N	SKUCQDOSGKINGP	Organic oxygen compounds	Organooxygen compounds	Alcohols and polyols	N/A	N/A	N/A
CCMSLIB00003137343	Spectral Match to Decylbenzenesulfonic acid from NIST14	ESI	QQQ	Isolated	Data from Kimberly Prather	Data deposited by mjmeehan	M-H	297.141	298.16	1	140603	N/A	CCCCCCCCCCC1=CC=CC=C1S(=O)(=O)O	InChI=1S/C16H26O3S/c1-2-3-4-5-6-7-8-9-12-15-13-10-11-14-16(15)20(17,18)19/h10-11,13-14H,2-9,12H2,1H3,(H,17,18,19)	N/A	3	Negative	UPDATE-SINGLE-ANNOTATED-BRONZE	Bronze	5342	spectra_filtered/specs_ms.mgf	lib-00015.mgf	0.9476100000000001	GNPS-NIST14-MATCHES	85225.0	1686	45.1898	7	0.0134277	297.141	297.154	-1	spectra_filtered/specs_ms.mgf5342	1		29	1116	UAZLASMTBCLJKO-UHFFFAOYSA-N	UAZLASMTBCLJKO	Benzenoids	Benzene and substituted derivatives	Benzenesulfonic acids and derivatives	Aromatic polyketides	Catechols with side chains	Polyketides
CCMSLIB00005777686	Massbank:FIO00727 Isoschaftoside	ESI	qTof	Isolated	Massbank	Massbank	M-H	563.141	0.0	1	N/A	N/A	Oc(c([C@H](O5)[C@@H]([C@H]([C@@H]([C@H]5CO)O)O)O)1)c([C@H](O4)[C@@H]([C@@H](O)[C@@H](O)C4)O)c(c(C2=O)c1OC(c(c3)ccc(O)c3)=C2)O	1S/C26H28O14/c27-6-13-18(32)21(35)23(37)26(40-13)16-20(34)15(25-22(36)17(31)11(30)7-38-25)19(33)14-10(29)5-12(39-24(14)16)8-1-3-9(28)4-2-8/h1-5,11,13,17-18,21-23,25-28,30-37H,6-7H2/t11-,13+,17-,18+,21-,22+,23+,25-,26-/m0/s1	N/A	3	Negative	UPDATE-SINGLE-ANNOTATED-BRONZE	Bronze	892	spectra_filtered/specs_ms.mgf	lib-00039.mgf	0.946311	MASSBANK	284981.0	606	3.57665	14	0.00201416	563.141	563.139	-1	spectra_filtered/specs_ms.mgf892	1		0	0	OVMFOVNOXASTPA-VYUBKLCTSA-N	OVMFOVNOXASTPA	Phenylpropanoids and polyketides	Flavonoids	Flavonoid glycosides	Flavonoids	Flavones	Shikimates and Phenylpropanoids
CCMSLIB00004693677	Piscidic Acid	N/A	ESI-QFT	isolated	MoNA	MoNA:VF-NPL-QEHF002614	[M-H]-	255.051	0.0	1	N/A	N/A	N/A	InChI=1S/C11H12O7/c12-7-3-1-6(2-4-7)5-11(18,10(16)17)8(13)9(14)15/h1-4,8,12-13,18H,5H2,(H,14,15)(H,16,17)	N/A	3	negative	UPDATE-SINGLE-ANNOTATED-BRONZE	Bronze	11119	spectra_filtered/specs_ms.mgf	lib-00002.mgf	0.9453729999999999	MONA	105963.0	-250	3.05115	8	0.000778198	255.051	255.05	-1	spectra_filtered/specs_ms.mgf11119	1		0	0	TUODPMGCCJSJRH-UHFFFAOYSA-N	TUODPMGCCJSJRH	N/A	N/A	N/A	N/A	N/A	N/A
CCMSLIB00005748616	Massbank:PR306851 Myricetin-3-O-xyloside	ESI	qTof	Isolated	Massbank	Massbank	M-H	449.073	0.0	1	N/A	N/A	OC1COC(OC2=C(OC3=CC(O)=CC(O)=C3C2=O)C2=CC(O)=C(O)C(O)=C2)C(O)C1O	1S/C20H18O12/c21-7-3-8(22)13-12(4-7)31-18(6-1-9(23)14(26)10(24)2-6)19(16(13)28)32-20-17(29)15(27)11(25)5-30-20/h1-4,11,15,17,20-27,29H,5H2	N/A	3	Negative	UPDATE-SINGLE-ANNOTATED-BRONZE	Bronze	4138	spectra_filtered/specs_ms.mgf	lib-00039.mgf	0.943494	MASSBANK	1615840.0	639	7.47525	8	0.00335693	449.073	449.07	-1	spectra_filtered/specs_ms.mgf4138	1		0	0	SBEOEJNITMVWLK-UHFFFAOYSA-N	SBEOEJNITMVWLK	Phenylpropanoids and polyketides	Flavonoids	Flavonoid glycosides	Flavonoids	Flavonols	Shikimates and Phenylpropanoids
CCMSLIB00005743404	Massbank:PR306021 Quercetin-3-O-vicianoside	ESI	qTof	Isolated	Massbank	Massbank	M-H	595.13	0.0	1	N/A	N/A	OC1COC(OCC2OC(OC3=C(OC4=CC(O)=CC(O)=C4C3=O)C3=CC(O)=C(O)C=C3)C(O)C(O)C2O)C(O)C1O	1S/C26H28O16/c27-9-4-12(30)16-14(5-9)40-23(8-1-2-10(28)11(29)3-8)24(19(16)34)42-26-22(37)20(35)18(33)15(41-26)7-39-25-21(36)17(32)13(31)6-38-25/h1-5,13,15,17-18,20-22,25-33,35-37H,6-7H2	N/A	3	Negative	UPDATE-SINGLE-ANNOTATED-BRONZE	Bronze	11064	spectra_filtered/specs_ms.mgf	lib-00039.mgf	0.9425030000000001	MASSBANK	103259.0	-208	2.46138	6	0.00146484	595.13	595.131	-1	spectra_filtered/specs_ms.mgf11064	1		0	0	YNMFDPCLPIMRFD-UHFFFAOYSA-N	YNMFDPCLPIMRFD	Phenylpropanoids and polyketides	Flavonoids	Flavonoid glycosides	Flavonoids	Flavonols	Shikimates and Phenylpropanoids
CCMSLIB00004693677	Piscidic Acid	N/A	ESI-QFT	isolated	MoNA	MoNA:VF-NPL-QEHF002614	[M-H]-	255.051	0.0	1	N/A	N/A	N/A	InChI=1S/C11H12O7/c12-7-3-1-6(2-4-7)5-11(18,10(16)17)8(13)9(14)15/h1-4,8,12-13,18H,5H2,(H,14,15)(H,16,17)	N/A	3	negative	UPDATE-SINGLE-ANNOTATED-BRONZE	Bronze	10887	spectra_filtered/specs_ms.mgf	lib-00002.mgf	0.942102	MONA	56792.0	-250	3.05115	8	0.000778198	255.051	255.05	-1	spectra_filtered/specs_ms.mgf10887	1		0	0	TUODPMGCCJSJRH-UHFFFAOYSA-N	TUODPMGCCJSJRH	N/A	N/A	N/A	N/A	N/A	N/A
CCMSLIB00004691208	Phloretin	N/A	ESI-QFT	isolated	MoNA	MoNA:VF-NPL-QEHF000145	[M-H]-	273.077	0.0	1	N/A	N/A	N/A	InChI=1S/C15H14O5/c16-10-4-1-9(2-5-10)3-6-12(18)15-13(19)7-11(17)8-14(15)20/h1-2,4-5,7-8,16-17,19-20H,3,6H2	N/A	3	negative	UPDATE-SINGLE-ANNOTATED-BRONZE	Bronze	622	spectra_filtered/specs_ms.mgf	lib-00002.mgf	0.941947	MONA	505626.0	822	7.15229	8	0.00195312	273.077	273.075	-1	spectra_filtered/specs_ms.mgf622	1		1	6	VGEREEWJJVICBM-UHFFFAOYSA-N	VGEREEWJJVICBM	Phenylpropanoids and polyketides	Linear 1,3-diarylpropanoids	Chalcones and dihydrochalcones	N/A	N/A	N/A
CCMSLIB00004692114	3,4-di-O-galloylquinic acid	N/A	ESI-QFT	isolated	MoNA	MoNA:VF-NPL-QEHF001051	[M-H]-	495.078	0.0	1	N/A	N/A	N/A	InChI=1S/C21H20O14/c22-9-1-7(2-10(23)15(9)27)18(29)34-14-6-21(33,20(31)32)5-13(26)17(14)35-19(30)8-3-11(24)16(28)12(25)4-8/h1-4,13-14,17,22-28,33H,5-6H2,(H,31,32)/t13-,14-,17-,21+/m1/s1	N/A	3	negative	UPDATE-SINGLE-ANNOTATED-BRONZE	Bronze	3832	spectra_filtered/specs_ms.mgf	lib-00002.mgf	0.9413530000000001	MONA	4023300.0	417	0.554778	7	0.000274658	495.078	495.07800000000003	-1	spectra_filtered/specs_ms.mgf3832	1		0	0	SKUCQDOSGKINGP-YQMRLJPGSA-N	SKUCQDOSGKINGP	Organic oxygen compounds	Organooxygen compounds	Alcohols and polyols	N/A	N/A	N/A
CCMSLIB00005739226	Massbank:PR040128 luteolin-6-C-glucoside|Homoorietin|Isoorientin|Lutl_6_C_Glc|2-(3,4-dihydroxyphenyl)-5,7-dihydroxy-6-[(2S,3S,4R,5R,6R)-3,4,5-trihydroxy-6-(hydroxymethyl)oxan-2-yl]chromen-4-one|Homoorientin	ESI	qTof	Isolated	Massbank	Massbank	M+H	447.1	0.0	1	4261-42-1	N/A	OCC(C(O)4)OC(C(O)C(O)4)c(c(O)1)c(O)c(C(=O)3)c(OC(=C3)c(c2)cc(O)c(O)c2)c1	1S/C21H20O11/c22-6-14-17(27)19(29)20(30)21(32-14)16-11(26)5-13-15(18(16)28)10(25)4-12(31-13)7-1-2-8(23)9(24)3-7/h1-5,14,17,19-24,26-30H,6H2/t14-,17-,19+,20-,21+/m1/s1	N/A	3	Negative	UPDATE-SINGLE-ANNOTATED-BRONZE	Bronze	3576	spectra_filtered/specs_ms.mgf	lib-00039.mgf	0.939868	MASSBANK	290315.0	612	19.3167	10	0.00863647	447.1	447.091	-1	spectra_filtered/specs_ms.mgf3576	1		0	0	ODBRNZZJSYPIDI-UHFFFAOYSA-N	ODBRNZZJSYPIDI	Phenylpropanoids and polyketides	Flavonoids	Flavonoid glycosides	Flavonoids	Flavones	Shikimates and Phenylpropanoids
CCMSLIB00005739778	Massbank:PR306513 Quercetin	ESI	qTof	Isolated	Massbank	Massbank	M-H	301.035	0.0	1	N/A	N/A	OC1=CC(O)=C2C(OC(=C(O)C2=O)C2=CC(O)=C(O)C=C2)=C1	1S/C15H10O7/c16-7-4-10(19)12-11(5-7)22-15(14(21)13(12)20)6-1-2-8(17)9(18)3-6/h1-5,16-19,21H	N/A	3	Negative	UPDATE-SINGLE-ANNOTATED-BRONZE	Bronze	2383	spectra_filtered/specs_ms.mgf	lib-00039.mgf	0.939609	MASSBANK	311535.0	672	2.23026	13	0.000671387	301.035	301.034	-1	spectra_filtered/specs_ms.mgf2383	1		0	0	REFJWTPEDVJJIY-UHFFFAOYSA-N	REFJWTPEDVJJIY	Phenylpropanoids and polyketides	Flavonoids	Flavones	Flavonoids	Flavonols	Shikimates and Phenylpropanoids
CCMSLIB00005739477	Massbank:PR306104 Kaempferol-3-O-rhamnoside	ESI	qTof	Isolated	Massbank	Massbank	M-H	431.098	0.0	1	N/A	N/A	CC1OC(OC2=C(OC3=CC(O)=CC(O)=C3C2=O)C2=CC=C(O)C=C2)C(O)C(O)C1O	1S/C21H20O10/c1-8-15(25)17(27)18(28)21(29-8)31-20-16(26)14-12(24)6-11(23)7-13(14)30-19(20)9-2-4-10(22)5-3-9/h2-8,15,17-18,21-25,27-28H,1H3	N/A	3	Negative	UPDATE-SINGLE-ANNOTATED-BRONZE	Bronze	2469	spectra_filtered/specs_ms.mgf	lib-00039.mgf	0.9371510000000001	MASSBANK	786823.0	825	1.06186	6	0.000457764	431.098	431.098	-1	spectra_filtered/specs_ms.mgf2469	1		0	0	SOSLMHZOJATCCP-UHFFFAOYSA-N	SOSLMHZOJATCCP	Phenylpropanoids and polyketides	Flavonoids	Flavonoid glycosides	Flavonoids	Flavonols	Shikimates and Phenylpropanoids
CCMSLIB00000221879	ReSpect:PT202350 Glutathione (oxidized form)|GSSG|Glutathiol|Glutathione Disulfide|Oxigluthione|(gamma-Glu-Cys-Gly) (gamma-Glu-Cys-Gly)(Disulfide bridge 2a-2b)|(2S)-2-amino-5-[[(2R)-3-[(2R)-2-[[(4S)-4-amino-5-hydroxy-	ESI	LC-Q-TOF/MS	Isolated	Putative ReSpect Match	ReSpect	[M+H]	611.144	0.0	1	27025-41-8	N/A	C(CC(=O)NC(CSSCC(C(=O)NCC(=O)O)NC(=O)CCC(C(=O)O)N)C(=O)NCC(=O)O)C(C(=O)O)N	1/C20H32N6O12S2/c21-9(19(35)36)1-3-13(27)25-11(17(33)23-5-15(29)30)7-39-40-8-12(18(34)24-6-16(31)32)26-14(28)4-2-10(22)20(37)38/h9-12H,1-8,21-22H2,(H,23,33)(H,24,34)(H,25,27)(H,26,28)(H,29,30)(H,31,32)(H,35,36)(H,37,38)/t9-,10-,11-,12-/m0/s1/f/h23-26,29,31,35,37H	N/A	3	Positive	UPDATE-SINGLE-ANNOTATED-BRONZE	Bronze	12275	spectra_filtered/specs_ms.mgf	lib-00033.mgf	0.93573	RESPECT	18850.0	-621	6.99092	10	0.00427246	611.144	611.14	-1	spectra_filtered/specs_ms.mgf12275	1		2	168	YPZRWBKMTBYPTK-UHFFFAOYSA-N	YPZRWBKMTBYPTK	Organic acids and derivatives	Carboxylic acids and derivatives	Amino acids, peptides, and analogues	Small peptides	Tripeptides	Amino acids and Peptides
CCMSLIB00004691767	tricetin	N/A	ESI-QFT	isolated	MoNA	MoNA:VF-NPL-QEHF000704	[M-H]-	301.035	0.0	1	N/A	N/A	N/A	InChI=1S/C15H10O7/c16-7-3-8(17)14-9(18)5-12(22-13(14)4-7)6-1-10(19)15(21)11(20)2-6/h1-5,16-17,19-21H	N/A	3	negative	UPDATE-SINGLE-ANNOTATED-BRONZE	Bronze	849	spectra_filtered/specs_ms.mgf	lib-00002.mgf	0.9346129999999999	MONA	112962.0	741	2.23026	10	0.000671387	301.035	301.034	-1	spectra_filtered/specs_ms.mgf849	1		0	0	ARSRJFRKVXALTF-UHFFFAOYSA-N	ARSRJFRKVXALTF	Phenylpropanoids and polyketides	Flavonoids	Flavones	N/A	N/A	N/A
CCMSLIB00006685788	quinic acid	LC-ESI	Orbitrap	commercial	Trent Northen	JGI:192469	M-H	191.056	0.0	1	N/A	N/A	O=C(O)C1(O)C[C@@H](O)C(O)[C@H](O)C1	InChI=1S/C7H12O6/c8-3-1-7(13,6(11)12)2-4(9)5(3)10/h3-5,8-10,13H,1-2H2,(H,11,12)/t3-,4-,5?,7?/m1/s1	N/A	3	Negative	UPDATE-SINGLE-ANNOTATED-BRONZE	Bronze	10314	spectra_filtered/specs_ms.mgf	lib-00009.mgf	0.932837	BERKELEY-LAB	129478.0	-344	1.8369099999999998	7	0.00035095199999999997	191.056	191.05599999999998	-1	spectra_filtered/specs_ms.mgf10314	1		0	0	AAWZDTNXLSGCEK-LNVDRNJUSA-N	AAWZDTNXLSGCEK	Organic oxygen compounds	Organooxygen compounds	Alcohols and polyols	Phenolic acids (C6-C1)	Shikimic acids and derivatives|Simple phenolic acids	Shikimates and Phenylpropanoids
CCMSLIB00004692114	3,4-di-O-galloylquinic acid	N/A	ESI-QFT	isolated	MoNA	MoNA:VF-NPL-QEHF001051	[M-H]-	495.078	0.0	1	N/A	N/A	N/A	InChI=1S/C21H20O14/c22-9-1-7(2-10(23)15(9)27)18(29)34-14-6-21(33,20(31)32)5-13(26)17(14)35-19(30)8-3-11(24)16(28)12(25)4-8/h1-4,13-14,17,22-28,33H,5-6H2,(H,31,32)/t13-,14-,17-,21+/m1/s1	N/A	3	negative	UPDATE-SINGLE-ANNOTATED-BRONZE	Bronze	95	spectra_filtered/specs_ms.mgf	lib-00002.mgf	0.9326700000000001	MONA	1721430.0	327	0.554778	11	0.000274658	495.078	495.07800000000003	-1	spectra_filtered/specs_ms.mgf95	1		0	0	SKUCQDOSGKINGP-YQMRLJPGSA-N	SKUCQDOSGKINGP	Organic oxygen compounds	Organooxygen compounds	Alcohols and polyols	N/A	N/A	N/A
CCMSLIB00005463731	Quercetin-O-(O-galloyl)-pentoside	LC-ESI	Orbitrap	Crude	Wolfender	LeoSaldanha	M-H	585.088	0.0	1	N/A	 	N/A	N/A	N/A	3	Negative	UPDATE-SINGLE-ANNOTATED-BRONZE	Bronze	3327	spectra_filtered/specs_ms.mgf	lib-00035.mgf	0.931674	GNPS-LIBRARY	62651.0	858	1.9820400000000002	11	0.00115967	585.088	585.087	-1	spectra_filtered/specs_ms.mgf3327	1		0	0	N/A	N/A	N/A	N/A	N/A	N/A	N/A	N/A
CCMSLIB00005742848	Massbank:PR306386 (-)-Epicatechin	ESI	qTof	Isolated	Massbank	Massbank	M-H	289.072	0.0	1	N/A	N/A	OC1CC2=C(O)C=C(O)C=C2OC1C1=CC(O)=C(O)C=C1	1S/C15H14O6/c16-8-4-11(18)9-6-13(20)15(21-14(9)5-8)7-1-2-10(17)12(19)3-7/h1-5,13,15-20H,6H2	N/A	3	Negative	UPDATE-SINGLE-ANNOTATED-BRONZE	Bronze	123	spectra_filtered/specs_ms.mgf	lib-00039.mgf	0.931268	MASSBANK	704298.0	423	10.7682	9	0.00311279	289.072	289.069	-1	spectra_filtered/specs_ms.mgf123	1		0	0	PFTAWBLQPZVEMU-UHFFFAOYSA-N	PFTAWBLQPZVEMU	Phenylpropanoids and polyketides	Flavonoids	Flavans	Flavonoids	Flavan-3-ols	Shikimates and Phenylpropanoids
CCMSLIB00000222187	ReSpect:PT205430 D-Sorbitol|D-Sorbit|D-Glucitol|D-1,2,3,4,5,6-Hexanehexol|D-Sorbol|Cystosol|Glucarine|Diakarmon|Esasorb|Sorbol|(2R,3R,4R,5S)-hexane-1,2,3,4,5,6-hexol	ESI	LC-Q-TOF/MS	Isolated	Putative ReSpect Match	ReSpect	[M+H]	181.071	0.0	1	50-70-4	N/A	C(C(C(C(C(CO)O)O)O)O)O	1/C6H14O6/c7-1-3(9)5(11)6(12)4(10)2-8/h3-12H,1-2H2/t3-,4+,5-,6-/m1/s1	N/A	3	Positive	UPDATE-SINGLE-ANNOTATED-BRONZE	Bronze	10743	spectra_filtered/specs_ms.mgf	lib-00033.mgf	0.928848	RESPECT	14326.0	-244	13.9045	6	0.0025177	181.071	181.06799999999998	-1	spectra_filtered/specs_ms.mgf10743	1		1	32	FBPFZTCFMRRESA-UHFFFAOYSA-N	FBPFZTCFMRRESA	Organic oxygen compounds	Organooxygen compounds	Carbohydrates and carbohydrate conjugates	Saccharides	Monosaccharides	Carbohydrates
CCMSLIB00005742856	Massbank:PR308633 Ginsenoside Rg3(R-FORM)	ESI	qTof	Isolated	Massbank	Massbank	M+HCOO	829.495	0.0	1	N/A	N/A	CC(C)=CCCC(C)(O)C1CCC2(C)C1C(O)CC1C3(C)CCC(OC4OC(CO)C(O)C(O)C4OC4OC(CO)C(O)C(O)C4O)C(C)(C)C3CCC21C	1S/C42H72O13/c1-21(2)10-9-14-42(8,51)22-11-16-41(7)29(22)23(45)18-27-39(5)15-13-28(38(3,4)26(39)12-17-40(27,41)6)54-37-35(33(49)31(47)25(20-44)53-37)55-36-34(50)32(48)30(46)24(19-43)52-36/h10,22-37,43-51H,9,11-20H2,1-8H3	N/A	3	Negative	UPDATE-SINGLE-ANNOTATED-BRONZE	Bronze	7735	spectra_filtered/specs_ms.mgf	lib-00039.mgf	0.925063	MASSBANK	32389.0	1032	3.16399	10	0.00262451	829.495	829.492	-1	spectra_filtered/specs_ms.mgf7735	1		0	0	RWXIFXNRCLMQCD-UHFFFAOYSA-N	RWXIFXNRCLMQCD	Lipids and lipid-like molecules	Prenol lipids	Triterpenoids	Triterpenoids	Dammarane and Protostane triterpenoids	Terpenoids
CCMSLIB00005742873	Massbank:PR307031 NP-000062(6)	ESI	qTof	Isolated	Massbank	Massbank	M-H	563.141	0.0	1	N/A	N/A	OCC1OC(C(O)C1O)C1=C(O)C(C2OC(CO)C(O)C(O)C2O)=C2OC(=CC(=O)C2=C1O)C1=CC=C(O)C=C1	1S/C26H28O14/c27-6-12-17(31)21(35)23(37)26(40-12)16-20(34)15(25-22(36)18(32)13(7-28)39-25)19(33)14-10(30)5-11(38-24(14)16)8-1-3-9(29)4-2-8/h1-5,12-13,17-18,21-23,25-29,31-37H,6-7H2	N/A	3	Negative	UPDATE-SINGLE-ANNOTATED-BRONZE	Bronze	11298	spectra_filtered/specs_ms.mgf	lib-00039.mgf	0.924811	MASSBANK	81345.0	-268	3.57665	12	0.00201416	563.141	563.139	-1	spectra_filtered/specs_ms.mgf11298	1		0	0	DRLZZQRQMWQRLZ-UHFFFAOYSA-N	DRLZZQRQMWQRLZ	Phenylpropanoids and polyketides	Flavonoids	Flavonoid glycosides	Flavonoids	Flavones	Shikimates and Phenylpropanoids
CCMSLIB00006581968	Luteolin	LC-ESI	Orbitrap	Isolated	Chen	 	M-H	285.04	286.047	0	207-741-0	 	C1=CC(=C(C=C1C2=CC(=O)C3=C(C=C(C=C3O2)O)O)O)O	InChI=1S/C15H10O6/c16-8-4-11(19)15-12(20)6-13(21-14(15)5-8)7-1-2-9(17)10(18)3-7/h1-6,16-19H	 	3	Negative	UPDATE-SINGLE-ANNOTATED-BRONZE	Bronze	945	spectra_filtered/specs_ms.mgf	lib-00035.mgf	0.922298	GNPS-LIBRARY	97803.0	912	1.60596	10	0.000457764	285.04	285.04	-1	spectra_filtered/specs_ms.mgf945	1		9	83	IQPNAANSBPBGFQ-UHFFFAOYSA-N	IQPNAANSBPBGFQ	Phenylpropanoids and polyketides	Flavonoids	Flavones	Flavonoids	Flavones	Shikimates and Phenylpropanoids
CCMSLIB00000221579	Massbank:PB000202 Quercetin|2-(3,4-dihydroxyphenyl)-3,5,7-trihydroxychromen-4-one	ESI	LC-ESI-QTOF	Isolated	Putative Massbank Match	Massbank	[M+H]+	303.05	0.0	1	N/A	N/A	C1=CC(=C(C=C1C2=C(C(=O)C3=C(C=C(C=C3O2)O)O)O)O)O	1S/C15H10O7/c16-7-4-10(19)12-11(5-7)22-15(14(21)13(12)20)6-1-2-8(17)9(18)3-6/h1-5,16-19,21H	N/A	3	Positive	UPDATE-SINGLE-ANNOTATED-BRONZE	Bronze	5234	spectra_filtered/specs_ms.mgf	lib-00039.mgf	0.9217799999999999	MASSBANK	62965.0	687	3.12175	11	0.000946045	303.05	303.051	-1	spectra_filtered/specs_ms.mgf5234	1		5	38	REFJWTPEDVJJIY-UHFFFAOYSA-N	REFJWTPEDVJJIY	Phenylpropanoids and polyketides	Flavonoids	Flavones	Flavonoids	Flavonols	Shikimates and Phenylpropanoids
CCMSLIB00005742298	Massbank:PR305498 isorhamnetin-3-O-rutinoside	ESI	qTof	Isolated	Massbank	Massbank	M-H	623.162	0.0	1	N/A	N/A	COC1=C(O)C=CC(=C1)C1=C(OC2OC(COC3OC(C)C(O)C(O)C3O)C(O)C(O)C2O)C(=O)C2=C(O)C=C(O)C=C2O1	1S/C28H32O16/c1-9-18(32)21(35)23(37)27(41-9)40-8-16-19(33)22(36)24(38)28(43-16)44-26-20(34)17-13(31)6-11(29)7-15(17)42-25(26)10-3-4-12(30)14(5-10)39-2/h3-7,9,16,18-19,21-24,27-33,35-38H,8H2,1-2H3	N/A	3	Negative	UPDATE-SINGLE-ANNOTATED-BRONZE	Bronze	3535	spectra_filtered/specs_ms.mgf	lib-00039.mgf	0.9189950000000001	MASSBANK	1211340.0	744	1.07739	6	0.000671387	623.162	623.163	-1	spectra_filtered/specs_ms.mgf3535	1		0	0	UIDGLYUNOUKLBM-UHFFFAOYSA-N	UIDGLYUNOUKLBM	Phenylpropanoids and polyketides	Flavonoids	Flavonoid glycosides	Flavonoids	Flavonols	Shikimates and Phenylpropanoids
CCMSLIB00004696005	[3,4,5-trihydroxy-6-(3,4,5-trihydroxybenzoyl)oxyoxan-2-yl]methyl 3,4,5-trihydroxybenzoate	N/A	ESI-QFT	isolated	MoNA	MoNA:VF-NPL-QEHF004942	[M-H]-	483.078	0.0	1	N/A	N/A	N/A	InChI=1S/C20H20O14/c21-8-1-6(2-9(22)13(8)25)18(30)32-5-12-15(27)16(28)17(29)20(33-12)34-19(31)7-3-10(23)14(26)11(24)4-7/h1-4,12,15-17,20-29H,5H2	N/A	3	negative	UPDATE-SINGLE-ANNOTATED-BRONZE	Bronze	547	spectra_filtered/specs_ms.mgf	lib-00002.mgf	0.9174260000000001	MONA	125236.0	432	1.51616	12	0.0007324219999999999	483.078	483.079	-1	spectra_filtered/specs_ms.mgf547	1		0	0	LYGRISUQIZNHGM-UHFFFAOYSA-N	LYGRISUQIZNHGM	N/A	N/A	N/A	N/A	N/A	N/A
CCMSLIB00004711428	3-phenyl-2-[(2S,3R,4S,5S,6R)-3,4,5-trihydroxy-6-[[(E)-3-(4-hydroxyphenyl)prop-2-enoyl]oxymethyl]oxan-2-yl]oxyprop-2-enoic acid	N/A	ESI-QFT	isolated	MoNA	MoNA:VF-NPL-QEHF020365	[M-H]-	471.13	0.0	1	N/A	N/A	N/A	InChI=1S/C24H24O10/c25-16-9-6-14(7-10-16)8-11-19(26)32-13-18-20(27)21(28)22(29)24(34-18)33-17(23(30)31)12-15-4-2-1-3-5-15/h1-12,18,20-22,24-25,27-29H,13H2,(H,30,31)/b11-8+,17-12?/t18-,20-,21+,22-,24-/m1/s1	N/A	3	negative	UPDATE-SINGLE-ANNOTATED-BRONZE	Bronze	6628	spectra_filtered/specs_ms.mgf	lib-00002.mgf	0.9106770000000001	MONA	105041.0	834	4.9877	8	0.00234985	471.13	471.12800000000004	-1	spectra_filtered/specs_ms.mgf6628	1		0	0	OFPMGMVAOWDSRN-VNEUDPKJSA-N	OFPMGMVAOWDSRN	Lipids and lipid-like molecules	Fatty Acyls	Fatty acyl glycosides	N/A	N/A	N/A
CCMSLIB00004695990	apigenin 6,8-digalactoside	N/A	ESI-QFT	isolated	MoNA	MoNA:VF-NPL-QEHF004927	[M-H]-	593.151	0.0	1	N/A	N/A	N/A	InChI=1S/C27H30O15/c28-6-12-17(32)21(36)23(38)26(41-12)15-19(34)14-10(31)5-11(8-1-3-9(30)4-2-8)40-25(14)16(20(15)35)27-24(39)22(37)18(33)13(7-29)42-27/h1-5,12-13,17-18,21-24,26-30,32-39H,6-7H2	N/A	3	negative	UPDATE-SINGLE-ANNOTATED-BRONZE	Bronze	3008	spectra_filtered/specs_ms.mgf	lib-00002.mgf	0.910217	MONA	71470.0	558	4.32179	11	0.00256348	593.151	593.148	-1	spectra_filtered/specs_ms.mgf3008	1		0	0	FIAAVMJLAGNUKW-UHFFFAOYSA-N	FIAAVMJLAGNUKW	Phenylpropanoids and polyketides	Flavonoids	Flavonoid glycosides	N/A	N/A	N/A
CCMSLIB00005740403	Massbank:PR305310 Echinocystic acid-3-O-glucoside	ESI	qTof	Isolated	Massbank	Massbank	M-H	633.401	0.0	1	N/A	N/A	CC1(C)CCC2(C(O)CC3(C)C(=CCC4C5(C)CCC(OC6OC(CO)C(O)C(O)C6O)C(C)(C)C5CCC34C)C2C1)C(O)=O	1S/C36H58O9/c1-31(2)14-15-36(30(42)43)20(16-31)19-8-9-23-33(5)12-11-25(45-29-28(41)27(40)26(39)21(18-37)44-29)32(3,4)22(33)10-13-34(23,6)35(19,7)17-24(36)38/h8,20-29,37-41H,9-18H2,1-7H3,(H,42,43)	N/A	3	Negative	UPDATE-SINGLE-ANNOTATED-BRONZE	Bronze	1882	spectra_filtered/specs_ms.mgf	lib-00039.mgf	0.908949	MASSBANK	115883.0	1419	3.37264	8	0.00213623	633.401	633.399	-1	spectra_filtered/specs_ms.mgf1882	1		0	0	WYDPEADEZMZKNM-UHFFFAOYSA-N	WYDPEADEZMZKNM	Lipids and lipid-like molecules	Prenol lipids	Terpene glycosides	Triterpenoids	Oleanane triterpenoids	Terpenoids
CCMSLIB00003137419	Spectral Match to 3,5,7,3',4'-Pentahydroxyflavanone from NIST14	ESI	Q-TOF	Isolated	Data from Wolfender/Litaudon	Data deposited by pmallard	M+H	305.065	0.0	1	480182	N/A	N/A	N/A	N/A	3	Positive	UPDATE-SINGLE-ANNOTATED-BRONZE	Bronze	2802	spectra_filtered/specs_ms.mgf	lib-00015.mgf	0.9068790000000001	GNPS-NIST14-MATCHES	242659.0	687	8.20298	9	0.00250244	305.065	305.068	-1	spectra_filtered/specs_ms.mgf2802	1		8	79	N/A	N/A	N/A	N/A	N/A	N/A	N/A	N/A
CCMSLIB00005747752	Massbank:PR307534 Plantaginin	ESI	qTof	Isolated	Massbank	Massbank	M-H	447.093	0.0	1	N/A	N/A	OCC1OC(OC2=C(O)C(O)=C3C(=O)C=C(OC3=C2)C2=CC=C(O)C=C2)C(O)C(O)C1O	1S/C21H20O11/c22-7-14-17(26)19(28)20(29)21(32-14)31-13-6-12-15(18(27)16(13)25)10(24)5-11(30-12)8-1-3-9(23)4-2-8/h1-6,14,17,19-23,25-29H,7H2	N/A	3	Negative	UPDATE-SINGLE-ANNOTATED-BRONZE	Bronze	4509	spectra_filtered/specs_ms.mgf	lib-00039.mgf	0.906281	MASSBANK	250909.0	465	3.61766	6	0.00161743	447.093	447.091	-1	spectra_filtered/specs_ms.mgf4509	1		0	0	VUGRLRAUZWGZJP-UHFFFAOYSA-N	VUGRLRAUZWGZJP	Phenylpropanoids and polyketides	Flavonoids	Flavonoid glycosides	Flavonoids	Flavones	Shikimates and Phenylpropanoids
CCMSLIB00005746692	Massbank:PR309265 Flavonol base + 4O, O-Hex-dHex, O-Hex	ESI	qTof	Isolated	Massbank	Massbank	M-H	771.197	0.0	1	N/A	N/A	O=C4C(OC2OC(COC1OC(C)C(O)C(O)C1(O))C(O)C(O)C2(O))=C(OC5=CC(OC3OC(CO)C(O)C(O)C3(O))=CC(O)=C45)C=6C=CC(O)=C(O)C=6	1S/C33H40O21/c1-9-19(38)23(42)26(45)31(49-9)48-8-17-21(40)25(44)28(47)33(53-17)54-30-22(41)18-14(37)5-11(50-32-27(46)24(43)20(39)16(7-34)52-32)6-15(18)51-29(30)10-2-3-12(35)13(36)4-10/h2-6,9,16-17,19-21,23-28,31-40,42-47H,7-8H2,1H3	N/A	3	Negative	UPDATE-SINGLE-ANNOTATED-BRONZE	Bronze	8523	spectra_filtered/specs_ms.mgf	lib-00039.mgf	0.9055610000000001	MASSBANK	195085.0	546	4.98603	8	0.00384521	771.197	771.193	-1	spectra_filtered/specs_ms.mgf8523	1		0	0	SPUFXPFDJYNCFD-UHFFFAOYSA-N	SPUFXPFDJYNCFD	Phenylpropanoids and polyketides	Flavonoids	Flavonoid glycosides	Flavonoids	Flavonols	Shikimates and Phenylpropanoids
CCMSLIB00006684384	N-ACETYLTRYPTOPHAN	ESI	qTof	isolated	MoNA	MoNA:MoNA035045	M-H	245.093	0.0	1	N/A	N/A	C/C(=N/C(CC1=CNC2=C1C=CC=C2)C(=O)O)/O	"""InChI=1S/C13H14N2O3/c1-8(16)15-12(13(17)18)6-9-7-14-11-5-3-2-4-10(9)11/h2-5,7,12,14H,6H2,1H3,(H,15,16)(H,17,18)"""	N/A	3	negative	UPDATE-SINGLE-ANNOTATED-BRONZE	Bronze	11547	spectra_filtered/specs_ms.mgf	lib-00002.mgf	0.9002610000000001	MONA	53948.0	-247	4.980569999999999	9	0.0012207000000000001	245.093	245.092	-1	spectra_filtered/specs_ms.mgf11547	1		0	0	DZTHIGRZJZPRDV-UHFFFAOYSA-N	DZTHIGRZJZPRDV	Organic acids and derivatives	Carboxylic acids and derivatives	Amino acids, peptides, and analogues	Tryptophan alkaloids	Simple indole alkaloids	Alkaloids
CCMSLIB00003136297	Spectral Match to Astilbin from NIST14	ESI	qTof	Isolated	Data from Pieter Dorrestein;Ajit Jadhav	Data deposited by lfnothias	2M-H	899.222	450.116	1	29838673	N/A	C[C@H]1[C@@H]([C@H]([C@H]([C@@H](O1)O[C@@H]2[C@H](OC3=CC(=CC(=C3C2=O)O)O)C4=CC(=C(C=C4)O)O)O)O)O	InChI=1S/C21H22O11/c1-7-15(26)17(28)18(29)21(30-7)32-20-16(27)14-12(25)5-9(22)6-13(14)31-19(20)8-2-3-10(23)11(24)4-8/h2-7,15,17-26,28-29H,1H3/t7-,15-,17+,18+,19+,20-,21-/m0/s1	N/A	3	Negative	UPDATE-SINGLE-ANNOTATED-BRONZE	Bronze	445	spectra_filtered/specs_ms.mgf	lib-00015.mgf	0.897236	GNPS-NIST14-MATCHES	2645240.0	693	1.56114	13	0.00140381	899.222	899.221	-1	spectra_filtered/specs_ms.mgf445	1		1	1	ZROGCCBNZBKLEL-MPRHSVQHSA-N	ZROGCCBNZBKLEL	Phenylpropanoids and polyketides	Flavonoids	Flavonoid glycosides	Flavonoids	Dihydroflavonols	Shikimates and Phenylpropanoids
CCMSLIB00004695567	1,3,6-tri-O-galloylglucose	N/A	ESI-QFT	isolated	MoNA	MoNA:VF-NPL-QEHF004504	[M-H]-	635.089	0.0	1	N/A	N/A	N/A	InChI=1S/C27H24O18/c28-11-1-8(2-12(29)18(11)34)24(39)42-7-17-21(37)23(44-25(40)9-3-13(30)19(35)14(31)4-9)22(38)27(43-17)45-26(41)10-5-15(32)20(36)16(33)6-10/h1-6,17,21-23,27-38H,7H2/t17-,21-,22-,23+,27+/m1/s1	N/A	3	negative	UPDATE-SINGLE-ANNOTATED-BRONZE	Bronze	604	spectra_filtered/specs_ms.mgf	lib-00002.mgf	0.8915350000000001	MONA	966651.0	468	1.24936	16	0.000793457	635.089	635.09	-1	spectra_filtered/specs_ms.mgf604	1		0	0	RNKMOGIPOMVCHO-SJMVAQJGSA-N	RNKMOGIPOMVCHO	N/A	N/A	N/A	N/A	N/A	N/A
CCMSLIB00004704176	2,4-dihydroxyheptadec-16-ynyl acetate	N/A	ESI-QFT	isolated	MoNA	MoNA:VF-NPL-QEHF013113	[M-H]-	325.238	0.0	1	N/A	N/A	N/A	InChI=1S/C19H34O4/c1-3-4-5-6-7-8-9-10-11-12-13-14-18(21)15-19(22)16-23-17(2)20/h1,18-19,21-22H,4-16H2,2H3	N/A	3	negative	UPDATE-SINGLE-ANNOTATED-BRONZE	Bronze	7202	spectra_filtered/specs_ms.mgf	lib-00002.mgf	0.8895780000000001	MONA	29552.0	1860	0.7506520000000001	6	0.00024414099999999997	325.238	325.238	-1	spectra_filtered/specs_ms.mgf7202	1		0	0	JAKAZHIACKJNNB-UHFFFAOYSA-N	JAKAZHIACKJNNB	Lipids and lipid-like molecules	Fatty Acyls	Fatty alcohols	N/A	N/A	N/A
CCMSLIB00005778363	Astilbin/neoastilbin	LC-ESI	Orbitrap	Isolated	JL Wolfender	individual data collecting	M-H	449.109	450.116	1	29838-67-3	119258	CC1C(C(C(C(O1)OC2C(OC3=CC(=CC(=C3C2=O)O)O)C4=CC(=C(C=C4)O)O)O)O)O	InChI=1S/C21H22O11/c1-7-15(26)17(28)18(29)21(30-7)32-20-16(27)14-12(25)5-9(22)6-13(14)31-19(20)8-2-3-10(23)11(24)4-8/h2-7,15,17-26,28-29H,1H3/t7-,15-,17+,18+,19+,20-,21-/m0/s1	 	3	Negative	UPDATE-SINGLE-ANNOTATED-BRONZE	Bronze	10350	spectra_filtered/specs_ms.mgf	lib-00035.mgf	0.884867	GNPS-LIBRARY	2931470.0	-75	2.31035	11	0.0010375999999999999	449.109	449.108	-1	spectra_filtered/specs_ms.mgf10350	1		0	0	ZROGCCBNZBKLEL-UHFFFAOYSA-N	ZROGCCBNZBKLEL	Phenylpropanoids and polyketides	Flavonoids	Flavonoid glycosides	Flavonoids	Dihydroflavonols	Shikimates and Phenylpropanoids
CCMSLIB00006684384	N-ACETYLTRYPTOPHAN	ESI	qTof	isolated	MoNA	MoNA:MoNA035045	M-H	245.093	0.0	1	N/A	N/A	C/C(=N/C(CC1=CNC2=C1C=CC=C2)C(=O)O)/O	"""InChI=1S/C13H14N2O3/c1-8(16)15-12(13(17)18)6-9-7-14-11-5-3-2-4-10(9)11/h2-5,7,12,14H,6H2,1H3,(H,15,16)(H,17,18)"""	N/A	3	negative	UPDATE-SINGLE-ANNOTATED-BRONZE	Bronze	1503	spectra_filtered/specs_ms.mgf	lib-00002.mgf	0.884818	MONA	178215.0	591	4.980569999999999	9	0.0012207000000000001	245.093	245.092	-1	spectra_filtered/specs_ms.mgf1503	1		0	0	DZTHIGRZJZPRDV-UHFFFAOYSA-N	DZTHIGRZJZPRDV	Organic acids and derivatives	Carboxylic acids and derivatives	Amino acids, peptides, and analogues	Tryptophan alkaloids	Simple indole alkaloids	Alkaloids
CCMSLIB00006380744	Myricetin	ESI	Orbitrap	Commercial standard	BMDMS-NP	BMDMS-NP	[M+H]+	319.05	318.038	1	N/A	N/A	O=C1C(O)=C(OC=2C=C(O)C=C(O)C12)C=3C=C(O)C(O)=C(O)C3	InChI=1S/C15H10O8/c16-6-3-7(17)11-10(4-6)23-15(14(22)13(11)21)5-1-8(18)12(20)9(19)2-5/h1-4,16-20,22H	N/A	1	Positive	UPDATE-SINGLE-ANNOTATED-GOLD	Gold	5578	spectra_filtered/specs_ms.mgf	lib-00032.mgf	0.8833799999999999	BMDMS-NP	200683.0	642	16.3564	10	0.00521851	319.05	319.045	-1	spectra_filtered/specs_ms.mgf5578	1		15	330	IKMDFBPHZNJCSN-UHFFFAOYSA-N	IKMDFBPHZNJCSN	Phenylpropanoids and polyketides	Flavonoids	Flavones	Flavonoids	Flavonols	Shikimates and Phenylpropanoids
CCMSLIB00004678837	quercetin-3-O-deoxyhexosyl(1-2)pentoside	LC-ESI	qTof	Crude	NPLopes	faustocn	M-H	579.134	0.0	1	 	 	OC1=CC(O)=C(C(C(OC2C(OC3C(O)C(O)C(O)CO3)C(O)C(O)C(C)O2)=C4C5=CC=C(O)C(O)=C5)=O)C(O4)=C1	InChI=1S/C26H28O15/c1-8-17(32)20(35)24(41-25-21(36)18(33)14(31)7-37-25)26(38-8)40-23-19(34)16-13(30)5-10(27)6-15(16)39-22(23)9-2-3-11(28)12(29)4-9/h2-6,8,14,17-18,20-21,24-33,35-36H,7H2,1H3	 	3	Negative	UPDATE-SINGLE-ANNOTATED-BRONZE	Bronze	4473	spectra_filtered/specs_ms.mgf	lib-00035.mgf	0.8831209999999999	GNPS-LIBRARY	573750.0	699	6.32342	7	0.00366211	579.134	579.138	-1	spectra_filtered/specs_ms.mgf4473	1		0	0	WRLBRIWXGBKVHQ-UHFFFAOYSA-N	WRLBRIWXGBKVHQ	Phenylpropanoids and polyketides	Flavonoids	Flavonoid glycosides	Flavonoids	Flavonols	Shikimates and Phenylpropanoids
CCMSLIB00004713363	3-[(2S,3R,4S,5S,6R)-4,5-dihydroxy-3-[(2R,3R,4R,5R,6S)-3,4,5-trihydroxy-6-methyloxan-2-yl]oxy-6-[[(2R,3R,4R,5R,6S)-3,4,5-trihydroxy-6-methyloxan-2-yl]oxymethyl]oxan-2-yl]oxy-5,7-dihydroxy-2-(4-hydroxyphenyl)-6-methoxychromen-4-one	N/A	ESI-QFT	isolated	MoNA	MoNA:VF-NPL-QEHF022300	[M-H]-	769.22	0.0	1	N/A	N/A	N/A	InChI=1S/C34H42O20/c1-10-18(37)23(42)26(45)32(49-10)48-9-16-20(39)25(44)31(54-33-27(46)24(43)19(38)11(2)50-33)34(52-16)53-30-22(41)17-15(8-14(36)29(47-3)21(17)40)51-28(30)12-4-6-13(35)7-5-12/h4-8,10-11,16,18-20,23-27,31-40,42-46H,9H2,1-3H3/t10-,11-,16+,18-,19-,20+,23+,24+,25-,26+,27+,31+,32+,33-,34-/m0/s1	N/A	3	negative	UPDATE-SINGLE-ANNOTATED-BRONZE	Bronze	3177	spectra_filtered/specs_ms.mgf	lib-00002.mgf	0.883008	MONA	88422.0	672	0.39673400000000003	8	0.000305176	769.22	769.22	-1	spectra_filtered/specs_ms.mgf3177	1		0	0	ZJOJKSKTNZMQCX-BRPHUSHRSA-N	ZJOJKSKTNZMQCX	Phenylpropanoids and polyketides	Flavonoids	Flavonoid glycosides	N/A	N/A	N/A
CCMSLIB00004705713	(2S,3R,4S,5S,6R)-2-[(2R,3R,4S,5S,6R)-4,5-dihydroxy-2-[[(3S,5R,8R,10R,12R,13R,14R,17S)-12-hydroxy-17-(2-hydroxy-6-methylhept-5-en-2-yl)-4,4,8,10,14-pentamethyl-2,3,5,6,7,9,11,12,13,15,16,17-dodecahydro-1H-cyclopenta[a]phenanthren-3-yl]oxy]-6-(hydroxymethyl)oxan-3-yl]oxy-6-(hydroxymethyl)oxane-3,4,5-triol	N/A	ESI-QFT	isolated	MoNA	MoNA:VF-NPL-QEHF014650	[M-H]-	783.49	0.0	1	N/A	N/A	N/A	InChI=1S/C42H72O13/c1-21(2)10-9-14-42(8,51)22-11-16-41(7)29(22)23(45)18-27-39(5)15-13-28(38(3,4)26(39)12-17-40(27,41)6)54-37-35(33(49)31(47)25(20-44)53-37)55-36-34(50)32(48)30(46)24(19-43)52-36/h10,22-37,43-51H,9,11-20H2,1-8H3/t22-,23+,24+,25+,26-,27?,28-,29-,30+,31+,32-,33-,34+,35+,36-,37-,39-,40+,41+,42?/m0/s1	N/A	3	negative	UPDATE-SINGLE-ANNOTATED-BRONZE	Bronze	489	spectra_filtered/specs_ms.mgf	lib-00002.mgf	0.8827	MONA	323909.0	1212	1.0906200000000001	10	0.000854492	783.49	783.4889999999999	-1	spectra_filtered/specs_ms.mgf489	1		0	0	RWXIFXNRCLMQCD-XXYKJBRESA-N	RWXIFXNRCLMQCD	Lipids and lipid-like molecules	Prenol lipids	Terpene glycosides	N/A	N/A	N/A
CCMSLIB00005745927	Massbank:PR305326 Ginsenoside Re	ESI	qTof	Isolated	Massbank	Massbank	M+HCOO	991.548	0.0	1	N/A	N/A	CC1OC(OC2C(O)C(O)C(CO)OC2OC2CC3(C)C(CC(O)C4C(CCC34C)C(C)(CCC=C(C)C)OC3OC(CO)C(O)C(O)C3O)C3(C)CCC(O)C(C)(C)C23)C(O)C(O)C1O	1S/C48H82O18/c1-21(2)11-10-14-48(9,66-42-38(60)35(57)32(54)26(19-49)63-42)23-12-16-46(7)30(23)24(51)17-28-45(6)15-13-29(52)44(4,5)40(45)25(18-47(28,46)8)62-43-39(36(58)33(55)27(20-50)64-43)65-41-37(59)34(56)31(53)22(3)61-41/h11,22-43,49-60H,10,12-20H2,1-9H3	N/A	3	Negative	UPDATE-SINGLE-ANNOTATED-BRONZE	Bronze	1599	spectra_filtered/specs_ms.mgf	lib-00039.mgf	0.8811889999999999	MASSBANK	1059020.0	975	14.404000000000002	8	0.0142822	991.548	991.534	-1	spectra_filtered/specs_ms.mgf1599	1		0	0	PWAOOJDMFUQOKB-UHFFFAOYSA-N	PWAOOJDMFUQOKB	Lipids and lipid-like molecules	Prenol lipids	Triterpenoids	Triterpenoids	Dammarane and Protostane triterpenoids	Terpenoids
CCMSLIB00004719965	Rutin	N/A	ESI-QTOF	isolated	MoNA	MoNA:VF-NPL-QTOF002161	[M-H]-	609.146	0.0	1	N/A	N/A	N/A	InChI=1S/C27H30O16/c1-8-17(32)20(35)22(37)26(40-8)39-7-15-18(33)21(36)23(38)27(42-15)43-25-19(34)16-13(31)5-10(28)6-14(16)41-24(25)9-2-3-11(29)12(30)4-9/h2-6,8,15,17-18,20-23,26-33,35-38H,7H2,1H3/t8-,15+,17-,18+,20+,21-,22+,23+,26+,27-/m0/s1	N/A	3	negative	UPDATE-SINGLE-ANNOTATED-BRONZE	Bronze	231	spectra_filtered/specs_ms.mgf	lib-00002.mgf	0.8803610000000001	MONA	832537.0	663	1.7033599999999998	10	0.0010375999999999999	609.146	609.1469999999999	-1	spectra_filtered/specs_ms.mgf231	1		4	53	IKGXIBQEEMLURG-NVPNHPEKSA-N	IKGXIBQEEMLURG	Phenylpropanoids and polyketides	Flavonoids	Flavonoid glycosides	N/A	N/A	N/A
CCMSLIB00000222143	ReSpect:PT204590 Procyanidin B1|(-)-Epicatechin-(4-beta-8)-(+)-catechin|cis,trans''-4,8''-Bi-(3,3',4',5,7-pentahydroxyflavane)|(2R,3R,4R)-2-(3,4-dihydroxyphenyl)-4-[(2R,3S)-2-(3,4-dihydroxyphenyl)-3,5,7-trihydroxychro	ESI	LC-Q-TOF/MS	Isolated	Putative ReSpect Match	ReSpect	[M+H]	577.135	0.0	1	20315-25-7	N/A	C1C(C(OC2=C1C(=CC(=C2C3C(C(OC4=CC(=CC(=C34)O)O)C5=CC(=C(C=C5)O)O)O)O)O)C6=CC(=C(C=C6)O)O)O	1/C30H26O12/c31-13-7-20(37)24-23(8-13)41-29(12-2-4-16(33)19(36)6-12)27(40)26(24)25-21(38)10-17(34)14-9-22(39)28(42-30(14)25)11-1-3-15(32)18(35)5-11/h1-8,10,22,26-29,31-40H,9H2/t22-,26+,27+,28+,29+/m0/s1	N/A	3	Positive	UPDATE-SINGLE-ANNOTATED-BRONZE	Bronze	678	spectra_filtered/specs_ms.mgf	lib-00033.mgf	0.879698	RESPECT	373730.0	678	0.7402880000000001	13	0.000427246	577.135	577.135	-1	spectra_filtered/specs_ms.mgf678	1		1	1	XFZJEEAOWLFHDH-UHFFFAOYSA-N	XFZJEEAOWLFHDH	Phenylpropanoids and polyketides	Flavonoids	Biflavonoids and polyflavonoids	Flavonoids	Proanthocyanins	Shikimates and Phenylpropanoids
CCMSLIB00004695567	1,3,6-tri-O-galloylglucose	N/A	ESI-QFT	isolated	MoNA	MoNA:VF-NPL-QEHF004504	[M-H]-	635.089	0.0	1	N/A	N/A	N/A	InChI=1S/C27H24O18/c28-11-1-8(2-12(29)18(11)34)24(39)42-7-17-21(37)23(44-25(40)9-3-13(30)19(35)14(31)4-9)22(38)27(43-17)45-26(41)10-5-15(32)20(36)16(33)6-10/h1-6,17,21-23,27-38H,7H2/t17-,21-,22-,23+,27+/m1/s1	N/A	3	negative	UPDATE-SINGLE-ANNOTATED-BRONZE	Bronze	2062	spectra_filtered/specs_ms.mgf	lib-00002.mgf	0.8783280000000001	MONA	274114.0	468	1.24936	13	0.000793457	635.089	635.09	-1	spectra_filtered/specs_ms.mgf2062	1		0	0	RNKMOGIPOMVCHO-SJMVAQJGSA-N	RNKMOGIPOMVCHO	N/A	N/A	N/A	N/A	N/A	N/A
CCMSLIB00004699725	(4aR,5R,6aS,6bR,10S,12aR)-10-[(2R,3R,4R,5S,6R)-3-acetamido-4,5-dihydroxy-6-(hydroxymethyl)oxan-2-yl]oxy-5-hydroxy-2,2,6a,6b,9,9,12a-heptamethyl-1,3,4,5,6,6a,7,8,8a,10,11,12,13,14b-tetradecahydropicene-4a-carboxylic acid	N/A	ESI-QFT	isolated	MoNA	MoNA:VF-NPL-QEHF008662	[M-H]-	674.427	0.0	1	N/A	N/A	N/A	InChI=1S/C38H61NO9/c1-20(41)39-28-30(44)29(43)23(19-40)47-31(28)48-27-12-13-35(6)24(34(27,4)5)11-14-36(7)25(35)10-9-21-22-17-33(2,3)15-16-38(22,32(45)46)26(42)18-37(21,36)8/h9,22-31,40,42-44H,10-19H2,1-8H3,(H,39,41)(H,45,46)/t22?,23-,24?,25?,26-,27+,28-,29-,30-,31+,35+,36-,37-,38-/m1/s1	N/A	3	negative	UPDATE-SINGLE-ANNOTATED-BRONZE	Bronze	971	spectra_filtered/specs_ms.mgf	lib-00002.mgf	0.876394	MONA	159910.0	1389	2.44348	11	0.00164795	674.427	674.425	-1	spectra_filtered/specs_ms.mgf971	1		0	0	ZZVZUHRMTUSANL-XACBXLEPSA-N	ZZVZUHRMTUSANL	Lipids and lipid-like molecules	Prenol lipids	Terpene glycosides	N/A	N/A	N/A
CCMSLIB00005778363	Astilbin/neoastilbin	LC-ESI	Orbitrap	Isolated	JL Wolfender	individual data collecting	M-H	449.109	450.116	1	29838-67-3	119258	CC1C(C(C(C(O1)OC2C(OC3=CC(=CC(=C3C2=O)O)O)C4=CC(=C(C=C4)O)O)O)O)O	InChI=1S/C21H22O11/c1-7-15(26)17(28)18(29)21(30-7)32-20-16(27)14-12(25)5-9(22)6-13(14)31-19(20)8-2-3-10(23)11(24)4-8/h2-7,15,17-26,28-29H,1H3/t7-,15-,17+,18+,19+,20-,21-/m0/s1	 	3	Negative	UPDATE-SINGLE-ANNOTATED-BRONZE	Bronze	49	spectra_filtered/specs_ms.mgf	lib-00035.mgf	0.8739110000000001	GNPS-LIBRARY	1575420.0	693	2.31035	11	0.0010375999999999999	449.109	449.108	-1	spectra_filtered/specs_ms.mgf49	1		0	0	ZROGCCBNZBKLEL-UHFFFAOYSA-N	ZROGCCBNZBKLEL	Phenylpropanoids and polyketides	Flavonoids	Flavonoid glycosides	Flavonoids	Dihydroflavonols	Shikimates and Phenylpropanoids
CCMSLIB00004702423	MUCIC ACID	N/A	ESI-QFT	isolated	MoNA	MoNA:VF-NPL-QEHF011360	[M-H]-	209.03	0.0	1	N/A	N/A	N/A	InChI=1S/C6H10O8/c7-1(3(9)5(11)12)2(8)4(10)6(13)14/h1-4,7-10H,(H,11,12)(H,13,14)/t1-,2+,3+,4-	N/A	3	negative	UPDATE-SINGLE-ANNOTATED-BRONZE	Bronze	1751	spectra_filtered/specs_ms.mgf	lib-00002.mgf	0.873365	MONA	26852.0	360	10.5847	6	0.00221252	209.03	209.028	-1	spectra_filtered/specs_ms.mgf1751	1		0	0	DSLZVSRJTYRBFB-DUHBMQHGSA-N	DSLZVSRJTYRBFB	Organic oxygen compounds	Organooxygen compounds	Carbohydrates and carbohydrate conjugates	N/A	N/A	N/A
CCMSLIB00004693677	Piscidic Acid	N/A	ESI-QFT	isolated	MoNA	MoNA:VF-NPL-QEHF002614	[M-H]-	255.051	0.0	1	N/A	N/A	N/A	InChI=1S/C11H12O7/c12-7-3-1-6(2-4-7)5-11(18,10(16)17)8(13)9(14)15/h1-4,8,12-13,18H,5H2,(H,14,15)(H,16,17)	N/A	3	negative	UPDATE-SINGLE-ANNOTATED-BRONZE	Bronze	3118	spectra_filtered/specs_ms.mgf	lib-00002.mgf	0.872653	MONA	289311.0	231	3.05115	6	0.000778198	255.051	255.05	-1	spectra_filtered/specs_ms.mgf3118	1		0	0	TUODPMGCCJSJRH-UHFFFAOYSA-N	TUODPMGCCJSJRH	N/A	N/A	N/A	N/A	N/A	N/A
CCMSLIB00000847213	NCGC00347854-02!(3R,4S,5R)-4-hydroxy-3,5-bis[(3,4,5-trihydroxybenzoyl)oxy]cyclohexene-1-carboxylic acid	LC-ESI	Maxis II HD Q-TOF Bruker	isolated	Jadhav/Dorrestein	lfnothias	M-H	477.068	478.075	1	n/a	n/a	O[C@H]1[C@@H](CC(=C[C@H]1OC(=O)C2=CC(O)=C(O)C(O)=C2)C(O)=O)OC(=O)C3=CC(O)=C(O)C(O)=C3	InChI=1S/C21H18O13/c22-10-1-8(2-11(23)16(10)26)20(31)33-14-5-7(19(29)30)6-15(18(14)28)34-21(32)9-3-12(24)17(27)13(25)4-9/h1-5,14-15,18,22-28H,6H2,(H,29,30)/t14-,15-,18-/m1/s1	N/A	1	negative	UPDATE-SINGLE-ANNOTATED-GOLD	Gold	10596	spectra_filtered/specs_ms.mgf	lib-00011.mgf	0.8713209999999999	GNPS-NIH-NATURALPRODUCTSLIBRARY_ROUND2_NEGATIVE	38956.0	-226	1.53526	8	0.0007324219999999999	477.068	477.06699999999995	-1	spectra_filtered/specs_ms.mgf10596	1		1	2	GASRJYBPBZZTBO-IIDMSEBBSA-N	GASRJYBPBZZTBO	Benzenoids	Benzene and substituted derivatives	Benzoic acids and derivatives	Phenolic acids (C6-C1)	Gallotannins	Shikimates and Phenylpropanoids
CCMSLIB00005747634	Massbank:PR309406 Glutamylphenylalanine	ESI	qTof	Isolated	Massbank	Massbank	M-H	293.124	0.0	1	N/A	N/A	O=C(O)C(N)CCC(=O)NC(C(=O)O)CC1=CC=CC=C1	1S/C14H18N2O5/c15-10(13(18)19)6-7-12(17)16-11(14(20)21)8-9-4-2-1-3-5-9/h1-5,10-11H,6-8,15H2,(H,16,17)(H,18,19)(H,20,21)	N/A	3	Negative	UPDATE-SINGLE-ANNOTATED-BRONZE	Bronze	4855	spectra_filtered/specs_ms.mgf	lib-00039.mgf	0.8683540000000001	MASSBANK	147560.0	453	9.47415	6	0.0027771000000000002	293.124	293.121	-1	spectra_filtered/specs_ms.mgf4855	1		0	0	XHHOHZPNYFQJKL-UHFFFAOYSA-N	XHHOHZPNYFQJKL	Organic acids and derivatives	Carboxylic acids and derivatives	Amino acids, peptides, and analogues	Small peptides	Dipeptides	Amino acids and Peptides
CCMSLIB00004703286	[(2S,3R)-2-(3,4-dihydroxyphenyl)-3,5-dihydroxy-3,4-dihydro-2H-chromen-7-yl] 3,4,5-trihydroxybenzoate	N/A	ESI-QFT	isolated	MoNA	MoNA:VF-NPL-QEHF012223	[M-H]-	441.083	0.0	1	N/A	N/A	N/A	InChI=1S/C22H18O10/c23-13-2-1-9(3-15(13)25)21-18(28)8-12-14(24)6-11(7-19(12)32-21)31-22(30)10-4-16(26)20(29)17(27)5-10/h1-7,18,21,23-29H,8H2/t18-,21+/m1/s1	N/A	3	negative	UPDATE-SINGLE-ANNOTATED-BRONZE	Bronze	454	spectra_filtered/specs_ms.mgf	lib-00002.mgf	0.86759	MONA	602919.0	579	7.0571600000000005	10	0.00311279	441.083	441.08	-1	spectra_filtered/specs_ms.mgf454	1		0	0	WKIHBIBUCQPPBY-NQIIRXRSSA-N	WKIHBIBUCQPPBY	Phenylpropanoids and polyketides	Flavonoids	Flavans	N/A	N/A	N/A
CCMSLIB00005745529	Massbank:PR306914 Kaempferol-3-O-arabinoside	ESI	qTof	Isolated	Massbank	Massbank	M-H	417.083	0.0	1	N/A	N/A	OC1COC(OC2=C(OC3=CC(O)=CC(O)=C3C2=O)C2=CC=C(O)C=C2)C(O)C1O	1S/C20H18O10/c21-9-3-1-8(2-4-9)18-19(30-20-17(27)15(25)12(24)7-28-20)16(26)14-11(23)5-10(22)6-13(14)29-18/h1-6,12,15,17,20-25,27H,7H2	N/A	3	Negative	UPDATE-SINGLE-ANNOTATED-BRONZE	Bronze	3845	spectra_filtered/specs_ms.mgf	lib-00039.mgf	0.86666	MASSBANK	459324.0	777	2.56092	6	0.00106812	417.083	417.082	-1	spectra_filtered/specs_ms.mgf3845	1		0	0	RNVUDWOQYYWXBJ-UHFFFAOYSA-N	RNVUDWOQYYWXBJ	Phenylpropanoids and polyketides	Flavonoids	Flavonoid glycosides	Flavonoids	Flavonols	Shikimates and Phenylpropanoids
CCMSLIB00003136330	Spectral Match to 1-Hexadecanoyl-sn-glycero-3-phospho-(1'-myo-inositol) from NIST14	ESI	Ion Trap	Isolated	Data from Pieter Dorrestein;Ajit Jadhav	Data deposited by lfnothias	M-H	571.294	572.296	1	106182201	N/A	CCCCCCCCCCCCCCCC(=O)OC[C@H](COP(=O)(O)OC1[C@@H]([C@H](C([C@H]([C@H]1O)O)O)O)O)O	InChI=1S/C25H49O12P/c1-2-3-4-5-6-7-8-9-10-11-12-13-14-15-19(27)35-16-18(26)17-36-38(33,34)37-25-23(31)21(29)20(28)22(30)24(25)32/h18,20-26,28-32H,2-17H2,1H3,(H,33,34)/t18-,20?,21-,22+,23-,24-,25?/m1/s1	N/A	3	Negative	UPDATE-SINGLE-ANNOTATED-BRONZE	Bronze	1275	spectra_filtered/specs_ms.mgf	lib-00015.mgf	0.866251	GNPS-NIST14-MATCHES	189303.0	1869	12.6067	6	0.00720215	571.294	571.2869999999999	-1	spectra_filtered/specs_ms.mgf1275	1		7	90	UOXRPRZMAROFPH-IESLQMLBSA-N	UOXRPRZMAROFPH	Lipids and lipid-like molecules	Glycerophospholipids	Glycerophosphoinositols	Glycerophospholipids	Glycerophosphoinositols	Fatty acids
CCMSLIB00000569380	MoNA:2899716 4',5,7-Trihydroxy-3'-methoxy-flavone	LC-ESI	qTof	Isolated	MoNA	MoNA	M-H	299.056	300.063	1	N/A	N/A	COC1=C(C=CC(=C1)C2=CC(=O)C3=C(C=C(C=C3O2)O)O)O	InChI=1S/C16H12O6/c1-21-14-4-8(2-3-10(14)18)13-7-12(20)16-11(19)5-9(17)6-15(16)22-13/h2-7,17-19H,1H3	N/A	3	Negative	UPDATE-SINGLE-ANNOTATED-BRONZE	Bronze	8820	spectra_filtered/specs_ms.mgf	lib-00002.mgf	0.865834	MONA	20795.0	1206	0.204093	9	6.10352e-05	299.056	299.056	-1	spectra_filtered/specs_ms.mgf8820	1		0	0	SCZVLDHREVKTSH-UHFFFAOYSA-N	SCZVLDHREVKTSH	Phenylpropanoids and polyketides	Flavonoids	O-methylated flavonoids	Flavonoids	Flavones	Shikimates and Phenylpropanoids
CCMSLIB00005749460	Massbank:PR308457 Saikosaponin D	ESI	qTof	Isolated	Massbank	Massbank	M+HCOO	825.464	0.0	1	N/A	N/A	CC1OC(OC2CCC3(C)C(CCC4(C)C3C=CC35OCC6(CCC(C)(C)CC36)C(O)CC45C)C2(C)CO)C(O)C(OC2OC(CO)C(O)C(O)C2O)C1O	1S/C42H68O13/c1-21-28(46)33(55-34-31(49)30(48)29(47)22(18-43)53-34)32(50)35(52-21)54-27-10-11-37(4)23(38(27,5)19-44)8-12-39(6)24(37)9-13-42-25-16-36(2,3)14-15-41(25,20-51-42)26(45)17-40(39,42)7/h9,13,21-35,43-50H,8,10-12,14-20H2,1-7H3	N/A	3	Negative	UPDATE-SINGLE-ANNOTATED-BRONZE	Bronze	7817	spectra_filtered/specs_ms.mgf	lib-00039.mgf	0.865397	MASSBANK	402408.0	1548	0.0	7	0.0	825.464	825.4639999999999	-1	spectra_filtered/specs_ms.mgf7817	1		0	0	KYWSCMDFVARMPN-UHFFFAOYSA-N	KYWSCMDFVARMPN	Lipids and lipid-like molecules	Prenol lipids	Terpene glycosides	Triterpenoids	Oleanane triterpenoids	Terpenoids
CCMSLIB00005744105	Massbank:PR305633 Quercetin-3-O-rhamnoside	ESI	qTof	Isolated	Massbank	Massbank	M-H	447.093	0.0	1	N/A	N/A	CC1OC(OC2=C(OC3=CC(O)=CC(O)=C3C2=O)C2=CC(O)=C(O)C=C2)C(O)C(O)C1O	1S/C21H20O11/c1-7-15(26)17(28)18(29)21(30-7)32-20-16(27)14-12(25)5-9(22)6-13(14)31-19(20)8-2-3-10(23)11(24)4-8/h2-7,15,17-18,21-26,28-29H,1H3	N/A	3	Negative	UPDATE-SINGLE-ANNOTATED-BRONZE	Bronze	2162	spectra_filtered/specs_ms.mgf	lib-00039.mgf	0.8644069999999999	MASSBANK	656387.0	747	3.61766	9	0.00161743	447.093	447.091	-1	spectra_filtered/specs_ms.mgf2162	1		0	0	OXGUCUVFOIWWQJ-UHFFFAOYSA-N	OXGUCUVFOIWWQJ	Phenylpropanoids and polyketides	Flavonoids	Flavonoid glycosides	Flavonoids	Flavonols	Shikimates and Phenylpropanoids
CCMSLIB00004691729	Quercetin	N/A	ESI-QFT	isolated	MoNA	MoNA:VF-NPL-QEHF000666	[M-H]-	301.035	0.0	1	N/A	N/A	N/A	InChI=1S/C15H10O7/c16-7-4-10(19)12-11(5-7)22-15(14(21)13(12)20)6-1-2-8(17)9(18)3-6/h1-5,16-19,21H	N/A	3	negative	UPDATE-SINGLE-ANNOTATED-BRONZE	Bronze	2766	spectra_filtered/specs_ms.mgf	lib-00002.mgf	0.864187	MONA	25538.0	897	2.23026	9	0.000671387	301.035	301.034	-1	spectra_filtered/specs_ms.mgf2766	1		30	1133	REFJWTPEDVJJIY-UHFFFAOYSA-N	REFJWTPEDVJJIY	Phenylpropanoids and polyketides	Flavonoids	Flavones	N/A	N/A	N/A
CCMSLIB00004704276	taxifolin	N/A	ESI-QFT	isolated	MoNA	MoNA:VF-NPL-QEHF013213	[M-H]-	303.051	0.0	1	N/A	N/A	N/A	InChI=1S/C15H12O7/c16-7-4-10(19)12-11(5-7)22-15(14(21)13(12)20)6-1-2-8(17)9(18)3-6/h1-5,14-19,21H/t14-,15+/m0/s1	N/A	3	negative	UPDATE-SINGLE-ANNOTATED-BRONZE	Bronze	654	spectra_filtered/specs_ms.mgf	lib-00002.mgf	0.86216	MONA	23300.0	831	0.201402	9	6.10352e-05	303.051	303.051	-1	spectra_filtered/specs_ms.mgf654	1		0	0	CXQWRCVTCMQVQX-LSDHHAIUSA-N	CXQWRCVTCMQVQX	Phenylpropanoids and polyketides	Flavonoids	Flavans	N/A	N/A	N/A
CCMSLIB00004704176	2,4-dihydroxyheptadec-16-ynyl acetate	N/A	ESI-QFT	isolated	MoNA	MoNA:VF-NPL-QEHF013113	[M-H]-	325.238	0.0	1	N/A	N/A	N/A	InChI=1S/C19H34O4/c1-3-4-5-6-7-8-9-10-11-12-13-14-18(21)15-19(22)16-23-17(2)20/h1,18-19,21-22H,4-16H2,2H3	N/A	3	negative	UPDATE-SINGLE-ANNOTATED-BRONZE	Bronze	3825	spectra_filtered/specs_ms.mgf	lib-00002.mgf	0.861274	MONA	54536.0	1806	0.7506520000000001	7	0.00024414099999999997	325.238	325.238	-1	spectra_filtered/specs_ms.mgf3825	1		0	0	JAKAZHIACKJNNB-UHFFFAOYSA-N	JAKAZHIACKJNNB	Lipids and lipid-like molecules	Fatty Acyls	Fatty alcohols	N/A	N/A	N/A
CCMSLIB00004684084	Procyanidin B2 - 40eV	LC-ESI	 impact HD	Isolated	Sumner	Sumner	M-H	575.108	0.0	1	29106-49-8	N/A	c1cc(c(cc1[C@@H]2[C@@H](Cc3c(cc(c(c3O2)[C@H]4c5c(cc(cc5O[C@@H]([C@@H]4O)c6ccc(c(c6)O)O)O)O)O)O)O)O)O	InChI=1S/C30H26O12/c31-13-7-20(37)24-23(8-13)41-29(12-2-4-16(33)19(36)6-12)27(40)26(24)25-21(38)10-17(34)14-9-22(39)28(42-30(14)25)11-1-3-15(32)18(35)5-11/h1-8,10,22,26-29,31-40H,9H2/t22-,26-,27-,28-,29-/m1/s1	N/A	3	Negative	UPDATE-SINGLE-ANNOTATED-BRONZE	Bronze	2103	spectra_filtered/specs_ms.mgf	lib-00034.mgf	0.8575450000000001	SUMNER	201751.0	405	18.8908	14	0.010864299999999999	575.108	575.119	-1	spectra_filtered/specs_ms.mgf2103	1		0	0	XFZJEEAOWLFHDH-NFJBMHMQSA-N	XFZJEEAOWLFHDH	Phenylpropanoids and polyketides	Flavonoids	Biflavonoids and polyflavonoids	Flavonoids	Proanthocyanins	Shikimates and Phenylpropanoids
CCMSLIB00000222627	ReSpect:PT210990 D-(+)-Raffinose pentahydrate|Gal(alpha1-6)Glc(alpha1-2beta)Fruf|6G-alpha-D-galactosylsucrose|Raffinose|Gossypose|Melitose|Melitriose|(2R,3R,4S,5S,6R)-2-[(2S,3S,4S,5R)-3,4-dihydroxy-2,5-bis(hydroxymeth	ESI	LC-Q-TOF/MS	Isolated	Putative ReSpect Match	ReSpect	[M+H]	503.161	0.0	1	512-69-6	N/A	C(C1C(C(C(C(O1)OCC2C(C(C(C(O2)OC3(C(C(C(O3)CO)O)O)CO)O)O)O)O)O)O)O	1/C18H32O16/c19-1-5-8(22)11(25)13(27)16(31-5)30-3-7-9(23)12(26)14(28)17(32-7)34-18(4-21)15(29)10(24)6(2-20)33-18/h5-17,19-29H,1-4H2/t5-,6-,7-,8+,9-,10-,11+,12+,13-,14-,15+,16+,17-,18+/m1/s1	N/A	3	Positive	UPDATE-SINGLE-ANNOTATED-BRONZE	Bronze	12558	spectra_filtered/specs_ms.mgf	lib-00033.mgf	0.856669	RESPECT	4847530.0	-558	4.488230000000001	8	0.0022583000000000004	503.161	503.163	-1	spectra_filtered/specs_ms.mgf12558	1		4	37	MUPFEKGTMRGPLJ-UHFFFAOYSA-N	MUPFEKGTMRGPLJ	Organic oxygen compounds	Organooxygen compounds	Carbohydrates and carbohydrate conjugates	Saccharides	Disaccharides|Polysaccharides	Carbohydrates
CCMSLIB00000845986	NCGC00384958-01!2-(3,4-dihydroxyphenyl)-5,7-dihydroxy-3-[(2S,3R,4S,5S)-4-hydroxy-5-(hydroxymethyl)-3-[(2S,3R,4S,5R)-3,4,5-trihydroxyoxan-2-yl]oxyoxolan-2-yl]oxychromen-4-one	LC-ESI	Maxis II HD Q-TOF Bruker	isolated	Jadhav/Dorrestein	lfnothias	M-H	565.12	566.127	1	n/a	n/a	OC[C@@H]1O[C@@H](OC2=C(OC3=CC(O)=CC(O)=C3C2=O)C4=CC(O)=C(O)C=C4)[C@H](O[C@@H]5OC[C@@H](O)[C@H](O)[C@H]5O)[C@H]1O	InChI=1S/C25H26O15/c26-6-15-18(33)23(40-24-20(35)17(32)13(31)7-36-24)25(38-15)39-22-19(34)16-12(30)4-9(27)5-14(16)37-21(22)8-1-2-10(28)11(29)3-8/h1-5,13,15,17-18,20,23-33,35H,6-7H2/t13-,15+,17+,18+,20-,23-,24+,25+/m1/s1	N/A	1	negative	UPDATE-SINGLE-ANNOTATED-GOLD	Gold	3322	spectra_filtered/specs_ms.mgf	lib-00011.mgf	0.853057	GNPS-NIH-NATURALPRODUCTSLIBRARY_ROUND2_NEGATIVE	8552930.0	675	4.860180000000001	6	0.00274658	565.12	565.117	-1	spectra_filtered/specs_ms.mgf3322	1		2	4	ZUPASDOWHXCIHQ-BNUMRELZSA-N	ZUPASDOWHXCIHQ	Phenylpropanoids and polyketides	Flavonoids	Flavonoid glycosides	Flavonoids	Flavonols	Shikimates and Phenylpropanoids
CCMSLIB00004704277	taxifolin	N/A	ESI-QFT	isolated	MoNA	MoNA:VF-NPL-QEHF013214	[M-H]-	303.051	0.0	1	N/A	N/A	N/A	InChI=1S/C15H12O7/c16-7-4-10(19)12-11(5-7)22-15(14(21)13(12)20)6-1-2-8(17)9(18)3-6/h1-5,14-19,21H/t14-,15+/m0/s1	N/A	3	negative	UPDATE-SINGLE-ANNOTATED-BRONZE	Bronze	836	spectra_filtered/specs_ms.mgf	lib-00002.mgf	0.8524129999999999	MONA	266683.0	687	0.201402	8	6.10352e-05	303.051	303.051	-1	spectra_filtered/specs_ms.mgf836	1		0	0	CXQWRCVTCMQVQX-LSDHHAIUSA-N	CXQWRCVTCMQVQX	Phenylpropanoids and polyketides	Flavonoids	Flavans	N/A	N/A	N/A
CCMSLIB00005770991	Massbank:TY000254 Scoparin|Chrysoeriol 8-C-glucoside|8-beta-D-Glucopyranosyl-5,7-dihydroxy-2-(4-hydroxy-3-methoxyphenyl)-4H-1-benzopyran-4-one|8-C-beta-D-Glucopyranosylchrysoeriol	ESI	Ion Trap	Isolated	Massbank	Massbank	M+H	461.114	0.0	1	301-16-6	N/A	COC1=C(C=CC(=C1)C2=CC(=O)C3=C(O2)C(=C(C=C3O)O)[C@H]4[C@@H]([C@H]([C@@H]([C@H](O4)CO)O)O)O)O	1S/C22H22O11/c1-31-14-4-8(2-3-9(14)24)13-6-12(27)16-10(25)5-11(26)17(21(16)32-13)22-20(30)19(29)18(28)15(7-23)33-22/h2-6,15,18-20,22-26,28-30H,7H2,1H3/t15-,18-,19+,20-,22+/m1/s1	N/A	3	Negative	UPDATE-SINGLE-ANNOTATED-BRONZE	Bronze	5897	spectra_filtered/specs_ms.mgf	lib-00039.mgf	0.8524	MASSBANK	392379.0	711	15.2881	6	0.00704956	461.114	461.10699999999997	-1	spectra_filtered/specs_ms.mgf5897	1		0	0	YXHFXGHAELQJGK-PGPONNFDSA-N	YXHFXGHAELQJGK	Phenylpropanoids and polyketides	Flavonoids	Flavonoid glycosides	Flavonoids	Flavones	Shikimates and Phenylpropanoids
CCMSLIB00000847258	NCGC00385380-02!3-[3,4-dihydroxy-6-(hydroxymethyl)-5-[3,4,5-trihydroxy-6-(hydroxymethyl)oxan-2-yl]oxyoxan-2-yl]oxy-2-(3,4-dihydroxyphenyl)-5,7-dihydroxychromen-4-one	LC-ESI	Maxis II HD Q-TOF Bruker	isolated	Jadhav/Dorrestein	lfnothias	M-H	625.141	626.148	1	n/a	n/a	OCC1OC(OC2C(CO)OC(OC3=C(OC4=CC(O)=CC(O)=C4C3=O)C5=CC(O)=C(O)C=C5)C(O)C2O)C(O)C(O)C1O	InChI=1S/C27H30O17/c28-6-14-17(34)19(36)21(38)26(41-14)43-24-15(7-29)42-27(22(39)20(24)37)44-25-18(35)16-12(33)4-9(30)5-13(16)40-23(25)8-1-2-10(31)11(32)3-8/h1-5,14-15,17,19-22,24,26-34,36-39H,6-7H2	N/A	1	negative	UPDATE-SINGLE-ANNOTATED-GOLD	Gold	1062	spectra_filtered/specs_ms.mgf	lib-00011.mgf	0.850952	GNPS-NIH-NATURALPRODUCTSLIBRARY_ROUND2_NEGATIVE	290223.0	597	0.0976342	6	6.10352e-05	625.141	625.141	-1	spectra_filtered/specs_ms.mgf1062	1		2	23	UTECWQIXBMWRRR-UHFFFAOYSA-N	UTECWQIXBMWRRR	Phenylpropanoids and polyketides	Flavonoids	Flavonoid glycosides	Flavonoids	Flavonols	Shikimates and Phenylpropanoids
CCMSLIB00006700380	520-36-5	LC-ESI	Orbitrap	commercial	Trent Northen	JGI:207063	M-H	269.046	0.0	1	N/A	N/A	O=c1cc(-c2ccc(O)cc2)oc2cc(O)cc(O)c12	InChI=1S/C15H10O5/c16-9-3-1-8(2-4-9)13-7-12(19)15-11(18)5-10(17)6-14(15)20-13/h1-7,16-18H	N/A	3	Negative	UPDATE-SINGLE-ANNOTATED-BRONZE	Bronze	456	spectra_filtered/specs_ms.mgf	lib-00009.mgf	0.8486940000000001	BERKELEY-LAB	66477.0	1008	4.08345	8	0.00109863	269.046	269.047	-1	spectra_filtered/specs_ms.mgf456	1		0	0	KZNIFHPLKGYRTM-UHFFFAOYSA-N	KZNIFHPLKGYRTM	Phenylpropanoids and polyketides	Flavonoids	Flavones	Flavonoids	Flavones	Shikimates and Phenylpropanoids
CCMSLIB00004706299	2-(3,4-dihydroxyphenyl)-3-[(2S,3R,4S,5S,6R)-4,5-dihydroxy-3-[(2R,3R,4R,5R,6S)-3,4,5-trihydroxy-6-methyloxan-2-yl]oxy-6-[[(2R,3R,4R,5R,6S)-3,4,5-trihydroxy-6-methyloxan-2-yl]oxymethyl]oxan-2-yl]oxy-5,7-dihydroxychromen-4-one	N/A	ESI-QFT	isolated	MoNA	MoNA:VF-NPL-QEHF015236	[M-H]-	755.204	0.0	1	N/A	N/A	N/A	InChI=1S/C33H40O20/c1-9-19(38)23(42)26(45)31(48-9)47-8-17-21(40)25(44)30(53-32-27(46)24(43)20(39)10(2)49-32)33(51-17)52-29-22(41)18-15(37)6-12(34)7-16(18)50-28(29)11-3-4-13(35)14(36)5-11/h3-7,9-10,17,19-21,23-27,30-40,42-46H,8H2,1-2H3/t9-,10-,17+,19-,20-,21+,23+,24+,25-,26+,27+,30+,31+,32-,33-/m0/s1	N/A	3	negative	UPDATE-SINGLE-ANNOTATED-BRONZE	Bronze	3132	spectra_filtered/specs_ms.mgf	lib-00002.mgf	0.84805	MONA	537042.0	606	0.161639	8	0.00012207	755.204	755.204	-1	spectra_filtered/specs_ms.mgf3132	1		0	0	HKNBJSRIYRDSLB-MAWNCODISA-N	HKNBJSRIYRDSLB	Phenylpropanoids and polyketides	Flavonoids	Flavonoid glycosides	N/A	N/A	N/A
CCMSLIB00000222143	ReSpect:PT204590 Procyanidin B1|(-)-Epicatechin-(4-beta-8)-(+)-catechin|cis,trans''-4,8''-Bi-(3,3',4',5,7-pentahydroxyflavane)|(2R,3R,4R)-2-(3,4-dihydroxyphenyl)-4-[(2R,3S)-2-(3,4-dihydroxyphenyl)-3,5,7-trihydroxychro	ESI	LC-Q-TOF/MS	Isolated	Putative ReSpect Match	ReSpect	[M+H]	577.135	0.0	1	20315-25-7	N/A	C1C(C(OC2=C1C(=CC(=C2C3C(C(OC4=CC(=CC(=C34)O)O)C5=CC(=C(C=C5)O)O)O)O)O)C6=CC(=C(C=C6)O)O)O	1/C30H26O12/c31-13-7-20(37)24-23(8-13)41-29(12-2-4-16(33)19(36)6-12)27(40)26(24)25-21(38)10-17(34)14-9-22(39)28(42-30(14)25)11-1-3-15(32)18(35)5-11/h1-8,10,22,26-29,31-40H,9H2/t22-,26+,27+,28+,29+/m0/s1	N/A	3	Positive	UPDATE-SINGLE-ANNOTATED-BRONZE	Bronze	150	spectra_filtered/specs_ms.mgf	lib-00033.mgf	0.84509	RESPECT	1041790.0	495	0.7402880000000001	13	0.000427246	577.135	577.135	-1	spectra_filtered/specs_ms.mgf150	1		1	1	XFZJEEAOWLFHDH-UHFFFAOYSA-N	XFZJEEAOWLFHDH	Phenylpropanoids and polyketides	Flavonoids	Biflavonoids and polyflavonoids	Flavonoids	Proanthocyanins	Shikimates and Phenylpropanoids
CCMSLIB00004695990	apigenin 6,8-digalactoside	N/A	ESI-QFT	isolated	MoNA	MoNA:VF-NPL-QEHF004927	[M-H]-	593.151	0.0	1	N/A	N/A	N/A	InChI=1S/C27H30O15/c28-6-12-17(32)21(36)23(38)26(41-12)15-19(34)14-10(31)5-11(8-1-3-9(30)4-2-8)40-25(14)16(20(15)35)27-24(39)22(37)18(33)13(7-29)42-27/h1-5,12-13,17-18,21-24,26-30,32-39H,6-7H2	N/A	3	negative	UPDATE-SINGLE-ANNOTATED-BRONZE	Bronze	11075	spectra_filtered/specs_ms.mgf	lib-00002.mgf	0.8415030000000001	MONA	41533.0	-317	3.7044	14	0.00219727	593.151	593.153	-1	spectra_filtered/specs_ms.mgf11075	1		0	0	FIAAVMJLAGNUKW-UHFFFAOYSA-N	FIAAVMJLAGNUKW	Phenylpropanoids and polyketides	Flavonoids	Flavonoid glycosides	N/A	N/A	N/A
CCMSLIB00006684384	N-ACETYLTRYPTOPHAN	ESI	qTof	isolated	MoNA	MoNA:MoNA035045	M-H	245.093	0.0	1	N/A	N/A	C/C(=N/C(CC1=CNC2=C1C=CC=C2)C(=O)O)/O	"""InChI=1S/C13H14N2O3/c1-8(16)15-12(13(17)18)6-9-7-14-11-5-3-2-4-10(9)11/h2-5,7,12,14H,6H2,1H3,(H,15,16)(H,17,18)"""	N/A	3	negative	UPDATE-SINGLE-ANNOTATED-BRONZE	Bronze	10409	spectra_filtered/specs_ms.mgf	lib-00002.mgf	0.8414520000000001	MONA	52482.0	-247	4.980569999999999	9	0.0012207000000000001	245.093	245.092	-1	spectra_filtered/specs_ms.mgf10409	1		0	0	DZTHIGRZJZPRDV-UHFFFAOYSA-N	DZTHIGRZJZPRDV	Organic acids and derivatives	Carboxylic acids and derivatives	Amino acids, peptides, and analogues	Tryptophan alkaloids	Simple indole alkaloids	Alkaloids
CCMSLIB00006679116	N-ACETYL-PHENYLALANINE	ESI	Orbitrap	isolated	MoNA	MoNA:MoNA037984	M-H	206.082	0.0	1	N/A	N/A	C/C(=N/[C@@H](CC1=CC=CC=C1)C(=O)O)/O	"""InChI=1S/C11H13NO3/c1-8(13)12-10(11(14)15)7-9-5-3-2-4-6-9/h2-6,10H,7H2,1H3,(H,12,13)(H,14,15)/t10-/m0/s1"""	N/A	3	negative	UPDATE-SINGLE-ANNOTATED-BRONZE	Bronze	163	spectra_filtered/specs_ms.mgf	lib-00002.mgf	0.8409049999999999	MONA	901617.0	582	0.370212	6	7.62939e-05	206.082	206.082	-1	spectra_filtered/specs_ms.mgf163	1		0	0	CBQJSKKFNMDLON-JTQLQIEISA-N	CBQJSKKFNMDLON	Organic acids and derivatives	Carboxylic acids and derivatives	Amino acids, peptides, and analogues			Shikimates and Phenylpropanoids
CCMSLIB00000077235	Rutin	DI-ESI	qTof	Commercial	Norberto Lopes	Denise Silva	M-H	609.134	610.153	-1	153-18-4	 	O=C1C2=C(C=C(C=C2OC(C3=CC=C(C(O)=C3)O)=C1O[C@@H]4[C@@H](O)[C@H](O)[C@@H](O)[C@H](CO[C@H]5O[C@H](C)[C@@H](O)[C@H](O)[C@@H]5O)O4)O)O	InChI=1S/C27H30O16/c1-8-17(32)20(35)22(37)26(40-8)39-7-15-18(33)21(36)23(38)27(42-15)43-25-19(34)16-13(31)5-10(28)6-14(16)41-24(25)9-2-3-11(29)12(30)4-9/h2-6,8,15,17-18,20-23,26-33,35-38H,7H2,1H3/t8-,15+,17-,18 ,20 ,21-,22 ,23 ,26 ,27-/m1/s1	 	3	Negative	UPDATE-SINGLE-ANNOTATED-BRONZE	Bronze	7588	spectra_filtered/specs_ms.mgf	lib-00035.mgf	0.840635	GNPS-LIBRARY	106878.0	1110	17.8356	6	0.010864299999999999	609.134	609.123	-1	spectra_filtered/specs_ms.mgf7588	1		4	53	IKGXIBQEEMLURG-GGFYDIPBSA-N	IKGXIBQEEMLURG	Phenylpropanoids and polyketides	Flavonoids	Flavonoid glycosides	Flavonoids	Flavonols	Shikimates and Phenylpropanoids
CCMSLIB00004695990	apigenin 6,8-digalactoside	N/A	ESI-QFT	isolated	MoNA	MoNA:VF-NPL-QEHF004927	[M-H]-	593.151	0.0	1	N/A	N/A	N/A	InChI=1S/C27H30O15/c28-6-12-17(32)21(36)23(38)26(41-12)15-19(34)14-10(31)5-11(8-1-3-9(30)4-2-8)40-25(14)16(20(15)35)27-24(39)22(37)18(33)13(7-29)42-27/h1-5,12-13,17-18,21-24,26-30,32-39H,6-7H2	N/A	3	negative	UPDATE-SINGLE-ANNOTATED-BRONZE	Bronze	880	spectra_filtered/specs_ms.mgf	lib-00002.mgf	0.8392780000000001	MONA	505073.0	558	4.32179	11	0.00256348	593.151	593.148	-1	spectra_filtered/specs_ms.mgf880	1		0	0	FIAAVMJLAGNUKW-UHFFFAOYSA-N	FIAAVMJLAGNUKW	Phenylpropanoids and polyketides	Flavonoids	Flavonoid glycosides	N/A	N/A	N/A
CCMSLIB00004691239	3',4',5,7-tetrahydroxyflavone	N/A	ESI-QFT	isolated	MoNA	MoNA:VF-NPL-QEHF000176	[M-H]-	285.04	0.0	1	N/A	N/A	N/A	InChI=1S/C15H10O6/c16-8-4-11(19)15-12(20)6-13(21-14(15)5-8)7-1-2-9(17)10(18)3-7/h1-6,16-19H	N/A	3	negative	UPDATE-SINGLE-ANNOTATED-BRONZE	Bronze	4397	spectra_filtered/specs_ms.mgf	lib-00002.mgf	0.836034	MONA	22948.0	813	1.60596	6	0.000457764	285.04	285.04	-1	spectra_filtered/specs_ms.mgf4397	1		0	0	IQPNAANSBPBGFQ-UHFFFAOYSA-N	IQPNAANSBPBGFQ	Phenylpropanoids and polyketides	Flavonoids	Flavones	N/A	N/A	N/A
CCMSLIB00005745691	Massbank:PR306066 Procyanidin B1|cis,trans''-4,8''-Bi-(3,3',4',5,7-pentahydroxyflavane)|(-)-Epicatechin-(4-beta-8)-(+)-catechin	ESI	qTof	Isolated	Massbank	Massbank	M-H	577.135	0.0	1	20315-25-7	N/A	C1[C@@H]([C@H](OC2=C1C(=CC(=C2[C@@H]3[C@H]([C@H](OC4=CC(=CC(=C34)O)O)C5=CC(=C(C=C5)O)O)O)O)O)C6=CC(=C(C=C6)O)O)O	1S/C30H26O12/c31-13-7-20(37)24-23(8-13)41-29(12-2-4-16(33)19(36)6-12)27(40)26(24)25-21(38)10-17(34)14-9-22(39)28(42-30(14)25)11-1-3-15(32)18(35)5-11/h1-8,10,22,26-29,31-40H,9H2/t22-,26+,27+,28+,29+/m0/s1	N/A	3	Negative	UPDATE-SINGLE-ANNOTATED-BRONZE	Bronze	251	spectra_filtered/specs_ms.mgf	lib-00039.mgf	0.834405	MASSBANK	1973320.0	405	0.7402880000000001	12	0.000427246	577.135	577.135	-1	spectra_filtered/specs_ms.mgf251	1		0	0	XFZJEEAOWLFHDH-UKWJTHFESA-N	XFZJEEAOWLFHDH	Phenylpropanoids and polyketides	Flavonoids	Biflavonoids and polyflavonoids	Flavonoids	Proanthocyanins	Shikimates and Phenylpropanoids
CCMSLIB00004718371	afzelechin	N/A	ESI-QTOF	isolated	MoNA	MoNA:VF-NPL-QTOF000795	[M-H]-	273.077	0.0	1	N/A	N/A	N/A	InChI=1S/C15H14O5/c16-9-3-1-8(2-4-9)15-13(19)7-11-12(18)5-10(17)6-14(11)20-15/h1-6,13,15-19H,7H2/t13-,15+/m0/s1	N/A	3	negative	UPDATE-SINGLE-ANNOTATED-BRONZE	Bronze	1310	spectra_filtered/specs_ms.mgf	lib-00002.mgf	0.834325	MONA	9795.0	468	7.15229	8	0.00195312	273.077	273.075	-1	spectra_filtered/specs_ms.mgf1310	1		0	0	RSYUFYQTACJFML-DZGCQCFKSA-N	RSYUFYQTACJFML	Phenylpropanoids and polyketides	Flavonoids	Flavans	N/A	N/A	N/A
CCMSLIB00005744274	Massbank:PR309322 Flavanone base + 4O, O-Hex, C-Pen	ESI	qTof	Isolated	Massbank	Massbank	M-H	581.15	0.0	1	N/A	N/A	OCC1OC(OC2=CC(O)=C(C3OCC(O)C(O)C3O)C3=C2C(=O)CC(O3)C2=CC(O)=C(O)C=C2)C(O)C(O)C1O	1S/C26H30O15/c27-6-16-20(34)21(35)23(37)26(41-16)40-15-5-12(31)18(25-22(36)19(33)13(32)7-38-25)24-17(15)11(30)4-14(39-24)8-1-2-9(28)10(29)3-8/h1-3,5,13-14,16,19-23,25-29,31-37H,4,6-7H2	N/A	3	Negative	UPDATE-SINGLE-ANNOTATED-BRONZE	Bronze	3194	spectra_filtered/specs_ms.mgf	lib-00039.mgf	0.8341459999999999	MASSBANK	313914.0	528	7.24671	17	0.00421143	581.15	581.154	-1	spectra_filtered/specs_ms.mgf3194	1		0	0	QETQPQDBDULWLC-UHFFFAOYSA-N	QETQPQDBDULWLC	Phenylpropanoids and polyketides	Flavonoids	Flavonoid glycosides	Flavonoids	Flavanones	Shikimates and Phenylpropanoids
CCMSLIB00006684384	N-ACETYLTRYPTOPHAN	ESI	qTof	isolated	MoNA	MoNA:MoNA035045	M-H	245.093	0.0	1	N/A	N/A	C/C(=N/C(CC1=CNC2=C1C=CC=C2)C(=O)O)/O	"""InChI=1S/C13H14N2O3/c1-8(16)15-12(13(17)18)6-9-7-14-11-5-3-2-4-10(9)11/h2-5,7,12,14H,6H2,1H3,(H,15,16)(H,17,18)"""	N/A	3	negative	UPDATE-SINGLE-ANNOTATED-BRONZE	Bronze	197	spectra_filtered/specs_ms.mgf	lib-00002.mgf	0.834003	MONA	250400.0	645	4.980569999999999	8	0.0012207000000000001	245.093	245.092	-1	spectra_filtered/specs_ms.mgf197	1		0	0	DZTHIGRZJZPRDV-UHFFFAOYSA-N	DZTHIGRZJZPRDV	Organic acids and derivatives	Carboxylic acids and derivatives	Amino acids, peptides, and analogues	Tryptophan alkaloids	Simple indole alkaloids	Alkaloids
CCMSLIB00004678839	myricetin-3-O-hexosyl(1-2)deoxyhexoside	LC-ESI	qTof	Crude	NPLopes	faustocn	M-H	625.113	0.0	1	 	 	OC1=CC(O)=C(C(C(OC2C(OC3C(O)C(O)C(O)C(C)O3)C(O)C(O)C(CO)O2)=C4C5=CC(O)=C(O)C(O)=C5)=O)C(O4)=C1	InChI=1S/C27H30O17/c1-7-16(33)20(37)22(39)26(40-7)44-25-21(38)18(35)14(6-28)42-27(25)43-24-19(36)15-10(30)4-9(29)5-13(15)41-23(24)8-2-11(31)17(34)12(32)3-8/h2-5,7,14,16,18,20-22,25-35,37-39H,6H2,1H3	 	3	Negative	UPDATE-SINGLE-ANNOTATED-BRONZE	Bronze	3652	spectra_filtered/specs_ms.mgf	lib-00035.mgf	0.8336600000000001	GNPS-LIBRARY	73584.0	963	6.346509999999999	7	0.00396729	625.113	625.117	-1	spectra_filtered/specs_ms.mgf3652	1		2	15	LUITYVJNCILVDI-UHFFFAOYSA-N	LUITYVJNCILVDI	Phenylpropanoids and polyketides	Flavonoids	Flavonoid glycosides	Flavonoids	Flavonols	Shikimates and Phenylpropanoids
CCMSLIB00004718841	5,8-dihydroxy-2-(4-hydroxyphenyl)-7-methoxy-3-[(2S,3R,4R,5R,6S)-3,4,5-trihydroxy-6-methyloxan-2-yl]oxychromen-4-one	N/A	ESI-QTOF	isolated	MoNA	MoNA:VF-NPL-QTOF001202	[M-H]-	461.109	0.0	1	N/A	N/A	N/A	InChI=1S/C22H22O11/c1-8-14(25)17(28)18(29)22(31-8)33-21-16(27)13-11(24)7-12(30-2)15(26)20(13)32-19(21)9-3-5-10(23)6-4-9/h3-8,14,17-18,22-26,28-29H,1-2H3/t8-,14-,17+,18+,22-/m0/s1	N/A	3	negative	UPDATE-SINGLE-ANNOTATED-BRONZE	Bronze	5602	spectra_filtered/specs_ms.mgf	lib-00002.mgf	0.832527	MONA	965616.0	1005	4.43426	6	0.00204468	461.109	461.10699999999997	-1	spectra_filtered/specs_ms.mgf5602	1		0	0	SSVHQKZUFBBLJY-OELQVNMVSA-N	SSVHQKZUFBBLJY	Phenylpropanoids and polyketides	Flavonoids	Flavonoid glycosides	N/A	N/A	N/A
CCMSLIB00004697859	[(2S,3R,4S,5S,6R)-4,5-dihydroxy-6-[[(E)-3-(4-hydroxyphenyl)prop-2-enoyl]oxymethyl]-2-(3,4,5-trihydroxybenzoyl)oxyoxan-3-yl] 3,4,5-trihydroxybenzoate	N/A	ESI-QFT	isolated	MoNA	MoNA:VF-NPL-QEHF006796	[M-H]-	629.115	0.0	1	N/A	N/A	N/A	InChI=1S/C29H26O16/c30-15-4-1-12(2-5-15)3-6-21(35)42-11-20-24(38)25(39)26(44-27(40)13-7-16(31)22(36)17(32)8-13)29(43-20)45-28(41)14-9-18(33)23(37)19(34)10-14/h1-10,20,24-26,29-34,36-39H,11H2/b6-3+/t20-,24-,25+,26-,29+/m1/s1	N/A	3	negative	UPDATE-SINGLE-ANNOTATED-BRONZE	Bronze	3902	spectra_filtered/specs_ms.mgf	lib-00002.mgf	0.831966	MONA	85242.0	810	5.04491	12	0.00317383	629.115	629.112	-1	spectra_filtered/specs_ms.mgf3902	1		0	0	QDSDUIWGMCGLHI-VTULTLKESA-N	QDSDUIWGMCGLHI	N/A	N/A	N/A	N/A	N/A	N/A
CCMSLIB00006705366	Cianidanol	LC-ESI	Orbitrap	commercial	Trent Northen	JGI:212049	2M-H	579.151	0.0	1	N/A	N/A	Oc1cc(O)c2c(c1)OC(c1ccc(O)c(O)c1)C(O)C2	InChI=1S/C15H14O6/c16-8-4-11(18)9-6-13(20)15(21-14(9)5-8)7-1-2-10(17)12(19)3-7/h1-5,13,15-20H,6H2/t13-,15+/m0/s1	N/A	3	Negative	UPDATE-SINGLE-ANNOTATED-BRONZE	Bronze	4419	spectra_filtered/specs_ms.mgf	lib-00009.mgf	0.83052	BERKELEY-LAB	692005.0	420	6.11247	9	0.00354004	579.151	579.1469999999999	-1	spectra_filtered/specs_ms.mgf4419	1		0	0	PFTAWBLQPZVEMU-UHFFFAOYSA-N	PFTAWBLQPZVEMU	Phenylpropanoids and polyketides	Flavonoids	Flavans	Flavonoids	Flavan-3-ols	Shikimates and Phenylpropanoids
CCMSLIB00005747837	Massbank:PR309161 MGMG 18:3	ESI	qTof	Isolated	Massbank	Massbank	M+HCOO	559.313	0.0	1	N/A	N/A	O=C(OCC(O)COC1OC(CO)C(O)C(O)C1(O))CCCCCCCC=CCC=CCC=CCC	1S/C27H46O9/c1-2-3-4-5-6-7-8-9-10-11-12-13-14-15-16-17-23(30)34-19-21(29)20-35-27-26(33)25(32)24(31)22(18-28)36-27/h3-4,6-7,9-10,21-22,24-29,31-33H,2,5,8,11-20H2,1H3	N/A	3	Negative	UPDATE-SINGLE-ANNOTATED-BRONZE	Bronze	4868	spectra_filtered/specs_ms.mgf	lib-00039.mgf	0.8300059999999999	MASSBANK	343299.0	1746	2.1825	6	0.0012207000000000001	559.313	559.312	-1	spectra_filtered/specs_ms.mgf4868	1		0	0	HUSISCNTLUEZCN-UHFFFAOYSA-N	HUSISCNTLUEZCN	Lipids and lipid-like molecules	Glycerolipids	Glycosylglycerols	Glycerolipids	Glycosylmonoacylglycerols	Fatty acids
CCMSLIB00004695567	1,3,6-tri-O-galloylglucose	N/A	ESI-QFT	isolated	MoNA	MoNA:VF-NPL-QEHF004504	[M-H]-	635.089	0.0	1	N/A	N/A	N/A	InChI=1S/C27H24O18/c28-11-1-8(2-12(29)18(11)34)24(39)42-7-17-21(37)23(44-25(40)9-3-13(30)19(35)14(31)4-9)22(38)27(43-17)45-26(41)10-5-15(32)20(36)16(33)6-10/h1-6,17,21-23,27-38H,7H2/t17-,21-,22-,23+,27+/m1/s1	N/A	3	negative	UPDATE-SINGLE-ANNOTATED-BRONZE	Bronze	285	spectra_filtered/specs_ms.mgf	lib-00002.mgf	0.8288120000000001	MONA	1068270.0	567	1.24936	16	0.000793457	635.089	635.09	-1	spectra_filtered/specs_ms.mgf285	1		0	0	RNKMOGIPOMVCHO-SJMVAQJGSA-N	RNKMOGIPOMVCHO	N/A	N/A	N/A	N/A	N/A	N/A
CCMSLIB00006685723	galactaric acid	LC-ESI	Orbitrap	commercial	Trent Northen	JGI:192404	M-H	209.03	0.0	1	N/A	N/A	O=C(O)[C@@H](O)[C@H](O)[C@H](O)[C@@H](O)C(=O)O	InChI=1S/C6H10O8/c7-1(3(9)5(11)12)2(8)4(10)6(13)14/h1-4,7-10H,(H,11,12)(H,13,14)/t1-,2+,3+,4-	N/A	3	Negative	UPDATE-SINGLE-ANNOTATED-BRONZE	Bronze	2987	spectra_filtered/specs_ms.mgf	lib-00009.mgf	0.828508	BERKELEY-LAB	90099.0	180	10.5847	6	0.00221252	209.03	209.028	-1	spectra_filtered/specs_ms.mgf2987	1		0	0	DSLZVSRJTYRBFB-DUHBMQHGSA-N	DSLZVSRJTYRBFB	Organic oxygen compounds	Organooxygen compounds	Carbohydrates and carbohydrate conjugates	Fatty Acids and Conjugates	Hydroxy fatty acids	Fatty acids
CCMSLIB00004683268	Glc-Glc-octadecatrienoyl-sn-glycerol (isomer 1) (PUT) - 45.8016eV	LC-ESI	 impact HD	Isolated	Sumner	Sumner	M-H	721.361	0.0	1	N/A	N/A	N/A	N/A	N/A	3	Negative	UPDATE-SINGLE-ANNOTATED-BRONZE	Bronze	4966	spectra_filtered/specs_ms.mgf	lib-00034.mgf	0.8277680000000001	SUMNER	710462.0	1629	2.2845	9	0.00164795	721.361	721.363	-1	spectra_filtered/specs_ms.mgf4966	1		0	0	N/A	N/A	N/A	N/A	N/A	N/A	N/A	N/A
CCMSLIB00004718498	myricitrin	N/A	ESI-QTOF	isolated	MoNA	MoNA:VF-NPL-QTOF000906	[M-H]-	463.088	0.0	1	N/A	N/A	N/A	InChI=1S/C21H20O12/c1-6-14(26)17(29)18(30)21(31-6)33-20-16(28)13-9(23)4-8(22)5-12(13)32-19(20)7-2-10(24)15(27)11(25)3-7/h2-6,14,17-18,21-27,29-30H,1H3/t6-,14-,17+,18+,21-/m0/s1	N/A	3	negative	UPDATE-SINGLE-ANNOTATED-BRONZE	Bronze	1365	spectra_filtered/specs_ms.mgf	lib-00002.mgf	0.822976	MONA	1935600.0	663	5.996919999999999	8	0.0027771000000000002	463.088	463.085	-1	spectra_filtered/specs_ms.mgf1365	1		0	0	DCYOADKBABEMIQ-OWMUPTOHSA-N	DCYOADKBABEMIQ	Phenylpropanoids and polyketides	Flavonoids	Flavonoid glycosides	N/A	N/A	N/A
CCMSLIB00004701510	[(4E)-7-acetyloxy-6-hydroxy-2-methyl-10-oxo-2,3,6,7,8,9-hexahydrooxecin-3-yl] (E)-but-2-enoate	N/A	ESI-QFT	isolated	MoNA	MoNA:VF-NPL-QEHF010447	[M-H]-	471.13	0.0	1	N/A	N/A	N/A	InChI=1S/C24H24O10/c25-16-7-1-14(2-8-16)5-11-19(27)32-13-18-21(29)22(30)23(31)24(33-18)34-20(28)12-6-15-3-9-17(26)10-4-15/h1-12,18,21-26,29-31H,13H2/b11-5+,12-6+/t18-,21-,22+,23-,24+/m1/s1	N/A	3	negative	UPDATE-SINGLE-ANNOTATED-BRONZE	Bronze	3579	spectra_filtered/specs_ms.mgf	lib-00002.mgf	0.8218850000000001	MONA	155008.0	945	4.9877	8	0.00234985	471.13	471.12800000000004	-1	spectra_filtered/specs_ms.mgf3579	1		0	0	IAVJHQVGTRSIOM-UVMZMRPTSA-N	IAVJHQVGTRSIOM	Phenylpropanoids and polyketides	Cinnamic acids and derivatives	Hydroxycinnamic acids and derivatives	N/A	N/A	N/A
CCMSLIB00005739929	Massbank:PR306727 Quercetin-3-O-xyloside	ESI	qTof	Isolated	Massbank	Massbank	M-H	433.078	0.0	1	N/A	N/A	OC1COC(OC2=C(OC3=CC(O)=CC(O)=C3C2=O)C2=CC(O)=C(O)C=C2)C(O)C1O	1S/C20H18O11/c21-8-4-11(24)14-13(5-8)30-18(7-1-2-9(22)10(23)3-7)19(16(14)27)31-20-17(28)15(26)12(25)6-29-20/h1-5,12,15,17,20-26,28H,6H2	N/A	3	Negative	UPDATE-SINGLE-ANNOTATED-BRONZE	Bronze	767	spectra_filtered/specs_ms.mgf	lib-00039.mgf	0.8198219999999999	MASSBANK	821306.0	717	5.0736	7	0.00219727	433.078	433.07599999999996	-1	spectra_filtered/specs_ms.mgf767	1		0	0	PZZRDJXEMZMZFD-UHFFFAOYSA-N	PZZRDJXEMZMZFD	Phenylpropanoids and polyketides	Flavonoids	Flavonoid glycosides	Flavonoids	Flavonols	Shikimates and Phenylpropanoids
CCMSLIB00005745927	Massbank:PR305326 Ginsenoside Re	ESI	qTof	Isolated	Massbank	Massbank	M+HCOO	991.548	0.0	1	N/A	N/A	CC1OC(OC2C(O)C(O)C(CO)OC2OC2CC3(C)C(CC(O)C4C(CCC34C)C(C)(CCC=C(C)C)OC3OC(CO)C(O)C(O)C3O)C3(C)CCC(O)C(C)(C)C23)C(O)C(O)C1O	1S/C48H82O18/c1-21(2)11-10-14-48(9,66-42-38(60)35(57)32(54)26(19-49)63-42)23-12-16-46(7)30(23)24(51)17-28-45(6)15-13-29(52)44(4,5)40(45)25(18-47(28,46)8)62-43-39(36(58)33(55)27(20-50)64-43)65-41-37(59)34(56)31(53)22(3)61-41/h11,22-43,49-60H,10,12-20H2,1-9H3	N/A	3	Negative	UPDATE-SINGLE-ANNOTATED-BRONZE	Bronze	10733	spectra_filtered/specs_ms.mgf	lib-00039.mgf	0.817615	MASSBANK	49052.0	-271	4.92443	8	0.00488281	991.548	991.553	-1	spectra_filtered/specs_ms.mgf10733	1		0	0	PWAOOJDMFUQOKB-UHFFFAOYSA-N	PWAOOJDMFUQOKB	Lipids and lipid-like molecules	Prenol lipids	Triterpenoids	Triterpenoids	Dammarane and Protostane triterpenoids	Terpenoids
CCMSLIB00000845232	NCGC00385142-01![(2S,3R,4R,5R,6S)-2-[5,7-dihydroxy-4-oxo-2-(3,4,5-trihydroxyphenyl)chromen-3-yl]oxy-4,5-dihydroxy-6-methyloxan-3-yl] 3,4,5-trihydroxybenzoate	LC-ESI	Maxis II HD Q-TOF Bruker	isolated	Jadhav/Dorrestein	lfnothias	M-H	615.099	616.106	1	n/a	n/a	C[C@@H]1O[C@@H](OC2=C(OC3=CC(O)=CC(O)=C3C2=O)C4=CC(O)=C(O)C(O)=C4)[C@H](OC(=O)C5=CC(O)=C(O)C(O)=C5)[C@H](O)[C@H]1O	InChI=1S/C28H24O16/c1-8-19(35)23(39)26(43-27(40)10-4-15(33)21(37)16(34)5-10)28(41-8)44-25-22(38)18-12(30)6-11(29)7-17(18)42-24(25)9-2-13(31)20(36)14(32)3-9/h2-8,19,23,26,28-37,39H,1H3/t8-,19-,23+,26+,28-/m0/s1	N/A	1	negative	UPDATE-SINGLE-ANNOTATED-GOLD	Gold	387	spectra_filtered/specs_ms.mgf	lib-00011.mgf	0.817245	GNPS-NIH-NATURALPRODUCTSLIBRARY_ROUND2_NEGATIVE	1066980.0	807	4.465269999999999	8	0.00274658	615.099	615.096	-1	spectra_filtered/specs_ms.mgf387	1		0	0	IXDHJNNHLVGCLC-MXXRNXGISA-N	IXDHJNNHLVGCLC	Phenylpropanoids and polyketides	Flavonoids	Flavonoid glycosides	Flavonoids	Flavonols	Shikimates and Phenylpropanoids
CCMSLIB00005740091	Massbank:PR309201 Coumaroyl + C6H9O8 (isomer of 843, 844, 846)	ESI	qTof	Isolated	Massbank	Massbank	M-H	355.066	0.0	1	N/A	N/A	O=C(OC(C(=O)O)C(O)C(O)C(O)C(=O)O)C=CC1=CC=C(O)C=C1	1S/C15H16O10/c16-8-4-1-7(2-5-8)3-6-9(17)25-13(15(23)24)11(19)10(18)12(20)14(21)22/h1-6,10-13,16,18-20H,(H,21,22)(H,23,24)	N/A	3	Negative	UPDATE-SINGLE-ANNOTATED-BRONZE	Bronze	5356	spectra_filtered/specs_ms.mgf	lib-00039.mgf	0.8161930000000001	MASSBANK	174843.0	360	0.9454389999999999	7	0.000335693	355.066	355.066	-1	spectra_filtered/specs_ms.mgf5356	1		0	0	LWEUFDJHDOPWFE-UHFFFAOYSA-N	LWEUFDJHDOPWFE	Organic oxygen compounds	Organooxygen compounds	Carbohydrates and carbohydrate conjugates	Phenylpropanoids (C6-C3)	Cinnamic acids and derivatives	Shikimates and Phenylpropanoids
CCMSLIB00005741139	Massbank:PR309312 Flavanone base + 6O	ESI	qTof	Isolated	Massbank	Massbank	M-H	319.046	0.0	1	N/A	N/A	O=C2C3=C(O)C=C(O)C=C3(OC(C1=CC(O)=C(O)C(O)=C1)C2(O))	1S/C15H12O8/c16-6-3-7(17)11-10(4-6)23-15(14(22)13(11)21)5-1-8(18)12(20)9(19)2-5/h1-4,14-20,22H	N/A	3	Negative	UPDATE-SINGLE-ANNOTATED-BRONZE	Bronze	838	spectra_filtered/specs_ms.mgf	lib-00039.mgf	0.816037	MASSBANK	620567.0	783	3.8261	7	0.0012207000000000001	319.046	319.045	-1	spectra_filtered/specs_ms.mgf838	1		0	0	KJXSIXMJHKAJOD-UHFFFAOYSA-N	KJXSIXMJHKAJOD	Phenylpropanoids and polyketides	Flavonoids	Flavans	Flavonoids	Dihydroflavonols	Shikimates and Phenylpropanoids
CCMSLIB00000846315	NCGC00380582-01![(2R,3S,4S,5R,6S)-6-[3,5-dihydroxy-4-[3-(4-hydroxyphenyl)propanoyl]phenoxy]-3,4,5-trihydroxyoxan-2-yl]methyl 3,4,5-trihydroxybenzoate	LC-ESI	Maxis II HD Q-TOF Bruker	isolated	Jadhav/Dorrestein	lfnothias	M-H	587.141	588.148	1	n/a	n/a	O[C@@H]1[C@@H](COC(=O)C2=CC(O)=C(O)C(O)=C2)O[C@@H](OC3=CC(O)=C(C(=O)CCC4=CC=C(O)C=C4)C(O)=C3)[C@H](O)[C@H]1O	InChI=1S/C28H28O14/c29-14-4-1-12(2-5-14)3-6-16(30)22-17(31)9-15(10-18(22)32)41-28-26(38)25(37)24(36)21(42-28)11-40-27(39)13-7-19(33)23(35)20(34)8-13/h1-2,4-5,7-10,21,24-26,28-29,31-38H,3,6,11H2/t21-,24-,25+,26-,28-/m1/s1	N/A	1	negative	UPDATE-SINGLE-ANNOTATED-GOLD	Gold	869	spectra_filtered/specs_ms.mgf	lib-00011.mgf	0.8160149999999999	GNPS-NIH-NATURALPRODUCTSLIBRARY_ROUND2_NEGATIVE	405078.0	882	6.8609100000000005	9	0.00402832	587.141	587.137	-1	spectra_filtered/specs_ms.mgf869	1		2	3	YPFUHFNAEWURDN-ZKPBLSLZSA-N	YPFUHFNAEWURDN	Phenylpropanoids and polyketides	Flavonoids	Flavonoid glycosides	Flavonoids	Chalcones	Shikimates and Phenylpropanoids
CCMSLIB00005778363	Astilbin/neoastilbin	LC-ESI	Orbitrap	Isolated	JL Wolfender	individual data collecting	M-H	449.109	450.116	1	29838-67-3	119258	CC1C(C(C(C(O1)OC2C(OC3=CC(=CC(=C3C2=O)O)O)C4=CC(=C(C=C4)O)O)O)O)O	InChI=1S/C21H22O11/c1-7-15(26)17(28)18(29)21(30-7)32-20-16(27)14-12(25)5-9(22)6-13(14)31-19(20)8-2-3-10(23)11(24)4-8/h2-7,15,17-26,28-29H,1H3/t7-,15-,17+,18+,19+,20-,21-/m0/s1	 	3	Negative	UPDATE-SINGLE-ANNOTATED-BRONZE	Bronze	2734	spectra_filtered/specs_ms.mgf	lib-00035.mgf	0.8158479999999999	GNPS-LIBRARY	234550.0	753	2.31035	10	0.0010375999999999999	449.109	449.108	-1	spectra_filtered/specs_ms.mgf2734	1		0	0	ZROGCCBNZBKLEL-UHFFFAOYSA-N	ZROGCCBNZBKLEL	Phenylpropanoids and polyketides	Flavonoids	Flavonoid glycosides	Flavonoids	Dihydroflavonols	Shikimates and Phenylpropanoids
CCMSLIB00004696050	5,7-dihydroxy-2-(4-hydroxyphenyl)-6-[3,4,5-trihydroxy-6-(hydroxymethyl)oxan-2-yl]-8-(3,4,5-trihydroxyoxan-2-yl)chromen-4-one	N/A	ESI-QFT	isolated	MoNA	MoNA:VF-NPL-QEHF004987	[M-H]-	563.141	0.0	1	N/A	N/A	N/A	InChI=1S/C26H28O14/c27-6-13-18(32)21(35)23(37)26(40-13)15-19(33)14-10(29)5-12(8-1-3-9(28)4-2-8)39-24(14)16(20(15)34)25-22(36)17(31)11(30)7-38-25/h1-5,11,13,17-18,21-23,25-28,30-37H,6-7H2	N/A	3	negative	UPDATE-SINGLE-ANNOTATED-BRONZE	Bronze	613	spectra_filtered/specs_ms.mgf	lib-00002.mgf	0.815576	MONA	526329.0	606	3.57665	12	0.00201416	563.141	563.139	-1	spectra_filtered/specs_ms.mgf613	1		0	0	MMDUKUSNQNWVET-UHFFFAOYSA-N	MMDUKUSNQNWVET	Phenylpropanoids and polyketides	Flavonoids	Flavonoid glycosides	N/A	N/A	N/A
CCMSLIB00004696005	[3,4,5-trihydroxy-6-(3,4,5-trihydroxybenzoyl)oxyoxan-2-yl]methyl 3,4,5-trihydroxybenzoate	N/A	ESI-QFT	isolated	MoNA	MoNA:VF-NPL-QEHF004942	[M-H]-	483.078	0.0	1	N/A	N/A	N/A	InChI=1S/C20H20O14/c21-8-1-6(2-9(22)13(8)25)18(30)32-5-12-15(27)16(28)17(29)20(33-12)34-19(31)7-3-10(23)14(26)11(24)4-7/h1-4,12,15-17,20-29H,5H2	N/A	3	negative	UPDATE-SINGLE-ANNOTATED-BRONZE	Bronze	310	spectra_filtered/specs_ms.mgf	lib-00002.mgf	0.81289	MONA	1076160.0	432	1.51616	10	0.0007324219999999999	483.078	483.079	-1	spectra_filtered/specs_ms.mgf310	1		0	0	LYGRISUQIZNHGM-UHFFFAOYSA-N	LYGRISUQIZNHGM	N/A	N/A	N/A	N/A	N/A	N/A
CCMSLIB00004719373	epicatechin gallate	N/A	ESI-QTOF	isolated	MoNA	MoNA:VF-NPL-QTOF001656	[M-H]-	441.083	0.0	1	N/A	N/A	N/A	InChI=1S/C22H18O10/c2311614(25)12819(3222(30)10416(27)20(29)17(28)510)21(3118(12)711)91213(24)15(26)39/h17,19,21,2329H,8H2/t19,21/m1/s1	N/A	3	negative	UPDATE-SINGLE-ANNOTATED-BRONZE	Bronze	88	spectra_filtered/specs_ms.mgf	lib-00002.mgf	0.812329	MONA	665041.0	666	7.0571600000000005	8	0.00311279	441.083	441.08	-1	spectra_filtered/specs_ms.mgf88	1		0	0	N/A	N/A	N/A	N/A	N/A	N/A	N/A	N/A
CCMSLIB00000578292	STACHYOSE	LC-ESI	Q-Exactive Plus	Commercial standard	Alexandrov Theodore	Prasad	M-H	665.214	666.222	0	54261-98-2	439531	C(C1C(C(C(C(O1)OCC2C(C(C(C(O2)OCC3C(C(C(C(O3)OC4(C(C(C(O4)CO)O)O)CO)O)O)O)O)O)O)O)O)O)O	N/A	N/A	1	Negative	UPDATE-SINGLE-ANNOTATED-GOLD	Gold	10351	spectra_filtered/specs_ms.mgf	lib-00021.mgf	0.810824	GNPS-EMBL-MCF	71322.0	-585	0.275258	20	0.000183105	665.214	665.2139999999999	-1	spectra_filtered/specs_ms.mgf10351	1		2	55	UQZIYBXSHAGNOE-UHFFFAOYSA-N	UQZIYBXSHAGNOE	Organic oxygen compounds	Organooxygen compounds	Carbohydrates and carbohydrate conjugates	Saccharides	Polysaccharides	Carbohydrates
CCMSLIB00005744458	Massbank:PR306756 Petunidin-3-O-beta-glucoside	ESI	qTof	Isolated	Massbank	Massbank	M-2H	477.103	0.0	1	N/A	N/A	COC1=CC(=CC(O)=C1O)C1=C(OC2OC(CO)C(O)C(O)C2O)C=C2C(O)=CC(O)=CC2=[O+]1	1S/C22H22O12/c1-31-14-3-8(2-12(26)17(14)27)21-15(6-10-11(25)4-9(24)5-13(10)32-21)33-22-20(30)19(29)18(28)16(7-23)34-22/h2-6,16,18-20,22-23,28-30H,7H2,1H3,(H3-,24,25,26,27)/p+1	N/A	3	Negative	UPDATE-SINGLE-ANNOTATED-BRONZE	Bronze	3291	spectra_filtered/specs_ms.mgf	lib-00039.mgf	0.805608	MASSBANK	316830.0	762	4.60543	6	0.00219727	477.103	477.101	-1	spectra_filtered/specs_ms.mgf3291	1		0	0	CCQDWIRWKWIUKK-UHFFFAOYSA-O	CCQDWIRWKWIUKK	Phenylpropanoids and polyketides	Flavonoids	Flavonoid glycosides	N/A	N/A	N/A
CCMSLIB00004696006	[3,4,5-trihydroxy-6-(3,4,5-trihydroxybenzoyl)oxyoxan-2-yl]methyl 3,4,5-trihydroxybenzoate	N/A	ESI-QFT	isolated	MoNA	MoNA:VF-NPL-QEHF004943	[M-H]-	483.078	0.0	1	N/A	N/A	N/A	InChI=1S/C20H20O14/c21-8-1-6(2-9(22)13(8)25)18(30)32-5-12-15(27)16(28)17(29)20(33-12)34-19(31)7-3-10(23)14(26)11(24)4-7/h1-4,12,15-17,20-29H,5H2	N/A	3	negative	UPDATE-SINGLE-ANNOTATED-BRONZE	Bronze	2317	spectra_filtered/specs_ms.mgf	lib-00002.mgf	0.805602	MONA	448382.0	432	1.51616	10	0.0007324219999999999	483.078	483.079	-1	spectra_filtered/specs_ms.mgf2317	1		0	0	LYGRISUQIZNHGM-UHFFFAOYSA-N	LYGRISUQIZNHGM	N/A	N/A	N/A	N/A	N/A	N/A
CCMSLIB00006126933	isoetin 5'-O-glucopyranoside	LC-ESI	qTof	Isolated	"""Lingyi Kong, Jun Luo"""	"""Yongyi Li, Zhirong Cui"""	M-H	463.088	464.095	1	118169-24-7	N/A	OC(C(O[C@H]1O[C@H](CO)[C@H](O)C(O)C1O)=C2)=CC(O)=C2C3=CC(C4=C(O)C=C(O)C=C4O3)=O	"""InChI=1S/C21H20O12/c22-6-16-18(28)19(29)20(30)21(33-16)32-14-3-8(9(24)4-10(14)25)13-5-12(27)17-11(26)1-7(23)2-15(17)31-13/h1-5,16,18-26,28-30H,6H2/t16-,18+,19+,20?,21+/m1/s1"""	N/A	1	Negative	UPDATE-SINGLE-ANNOTATED-GOLD	Gold	4579	spectra_filtered/specs_ms.mgf	lib-00035.mgf	0.805434	GNPS-LIBRARY	303977.0	801	5.996919999999999	6	0.0027771000000000002	463.088	463.085	-1	spectra_filtered/specs_ms.mgf4579	1		0	0	CRQGZKQQBXIWSE-IUDHNKCCSA-N	CRQGZKQQBXIWSE	N/A	N/A	N/A	Flavonoids	Flavones	Shikimates and Phenylpropanoids
CCMSLIB00004696005	[3,4,5-trihydroxy-6-(3,4,5-trihydroxybenzoyl)oxyoxan-2-yl]methyl 3,4,5-trihydroxybenzoate	N/A	ESI-QFT	isolated	MoNA	MoNA:VF-NPL-QEHF004942	[M-H]-	483.078	0.0	1	N/A	N/A	N/A	InChI=1S/C20H20O14/c21-8-1-6(2-9(22)13(8)25)18(30)32-5-12-15(27)16(28)17(29)20(33-12)34-19(31)7-3-10(23)14(26)11(24)4-7/h1-4,12,15-17,20-29H,5H2	N/A	3	negative	UPDATE-SINGLE-ANNOTATED-BRONZE	Bronze	2221	spectra_filtered/specs_ms.mgf	lib-00002.mgf	0.803707	MONA	342915.0	330	1.51616	12	0.0007324219999999999	483.078	483.079	-1	spectra_filtered/specs_ms.mgf2221	1		0	0	LYGRISUQIZNHGM-UHFFFAOYSA-N	LYGRISUQIZNHGM	N/A	N/A	N/A	N/A	N/A	N/A
CCMSLIB00000221851	ReSpect:PT202020 D-(+)-Trehalose dihydrate,from Saccharomyces cerevisiae|Glc(alpha1-1alpha)Glc|alpha-alpha-Trehalose|Mycose|alpha-D-Glucopyranosyl-alpha-D-glucopyranoside dihydrate|(2R,3S,4S,5R,6R)-2-(hydroxymethyl)-6	ESI	LC-Q-TOF/MS	Isolated	Putative ReSpect Match	ReSpect	[M+H]	341.108	0.0	1	99-20-7	N/A	C(C1C(C(C(C(O1)OC2C(C(C(C(O2)CO)O)O)O)O)O)O)O	1/C12H22O11/c13-1-3-5(15)7(17)9(19)11(21-3)23-12-10(20)8(18)6(16)4(2-14)22-12/h3-20H,1-2H2/t3-,4-,5-,6-,7+,8+,9-,10-,11-,12-/m1/s1	N/A	3	Positive	UPDATE-SINGLE-ANNOTATED-BRONZE	Bronze	10315	spectra_filtered/specs_ms.mgf	lib-00033.mgf	0.802553	RESPECT	77776.0	-368	1.25252	7	0.000427246	341.108	341.108	-1	spectra_filtered/specs_ms.mgf10315	1		0	0	HDTRYLNUVZCQOY-UHFFFAOYSA-N	HDTRYLNUVZCQOY	Organic oxygen compounds	Organooxygen compounds	Carbohydrates and carbohydrate conjugates	Saccharides	Disaccharides	Carbohydrates
